Date,Gold,Silver,Oil,EURUSD,JPYUSD,DXY,UST10Y,Bund10Y
2020-01-01,1524.5,17.965999603271484,61.18000030517578,1.1220825910568237,0.009201240725815296,96.8499984741211,1.8819999694824219,145.5800018310547
2020-01-02,1524.5,17.965999603271484,61.18000030517578,1.1220825910568237,0.009198532439768314,96.8499984741211,1.8819999694824219,145.5800018310547
2020-01-03,1549.199951171875,18.06800079345703,63.04999923706055,1.1171437501907349,0.009212939068675041,96.83999633789062,1.7879999876022339,146.22500610351562
2020-01-06,1566.199951171875,18.097000122070312,63.27000045776367,1.1161960363388062,0.009262346662580967,96.66999816894531,1.8109999895095825,146.13499450683594
2020-01-07,1571.800048828125,18.31599998474121,62.70000076293945,1.1197994947433472,0.00922458153218031,96.9800033569336,1.8270000219345093,146.1199951171875
2020-01-08,1557.4000244140625,18.08799934387207,59.61000061035156,1.1154738664627075,0.009257887490093708,97.30000305175781,1.8739999532699585,145.8300018310547
2020-01-09,1551.699951171875,17.860000610351562,59.560001373291016,1.1113210916519165,0.009171703830361366,97.44999694824219,1.8580000400543213,145.39500427246094
2020-01-10,1557.5,18.033000946044922,59.040000915527344,1.1111111640930176,0.009131835773587227,97.36000061035156,1.8250000476837158,145.47500610351562
2020-01-13,1548.4000244140625,17.926000595092773,58.08000183105469,1.1116669178009033,0.009126918390393257,97.3499984741211,1.8480000495910645,145.02000427246094
2020-01-14,1542.4000244140625,17.673999786376953,58.22999954223633,1.1135733127593994,0.009091570973396301,97.37000274658203,1.8179999589920044,145.1999969482422
2020-01-15,1552.0999755859375,17.92300033569336,57.810001373291016,1.113089919090271,0.009102991782128811,97.2300033569336,1.7879999876022339,145.55999755859375
2020-01-16,1549.0,17.875,58.52000045776367,1.1154004335403442,0.009100588969886303,97.31999969482422,1.809000015258789,145.65499877929688
2020-01-17,1558.800048828125,18.01300048828125,58.540000915527344,1.1139578819274902,0.009076468646526337,97.61000061035156,1.8359999656677246,145.6999969482422
2020-01-20,1558.800048828125,18.01300048828125,58.540000915527344,1.1094592809677124,0.009076057001948357,97.61000061035156,1.8359999656677246,145.60499572753906
2020-01-21,1556.4000244140625,17.750999450683594,58.34000015258789,1.109693169593811,0.009076634421944618,97.52999877929688,1.7690000534057617,146.0749969482422
2020-01-22,1555.300048828125,17.770999908447266,56.7400016784668,1.108561396598816,0.009098518639802933,97.52999877929688,1.7690000534057617,146.09500122070312
2020-01-23,1564.5999755859375,17.773000717163086,55.59000015258789,1.1096439361572266,0.00911344401538372,97.69000244140625,1.7400000095367432,146.09500122070312
2020-01-24,1571.0999755859375,18.05699920654297,54.189998626708984,1.1055220365524292,0.00912808533757925,97.8499984741211,1.680999994277954,146.7899932861328
2020-01-27,1576.800048828125,18.0,53.13999938964844,1.1025358438491821,0.009191007353365421,97.95999908447266,1.6050000190734863,147.35000610351562
2020-01-28,1569.199951171875,17.402000427246094,53.47999954223633,1.101976990699768,0.009181050583720207,98.0199966430664,1.6410000324249268,146.9949951171875
2020-01-29,1569.800048828125,17.430999755859375,53.33000183105469,1.1022562980651855,0.009163214825093746,97.98999786376953,1.593999981880188,147.2550048828125
2020-01-30,1583.5,17.95199966430664,52.13999938964844,1.1016855239868164,0.009175405837595463,97.87000274658203,1.5579999685287476,147.67999267578125
2020-01-31,1582.9000244140625,17.972000122070312,51.560001373291016,1.1029127836227417,0.009184676222503185,97.38999938964844,1.5199999809265137,147.67999267578125
2020-02-03,1577.199951171875,17.639999389648438,50.11000061035156,1.1089794635772705,0.00922747515141964,97.80000305175781,1.5199999809265137,147.97500610351562
2020-02-04,1550.4000244140625,17.527999877929688,49.61000061035156,1.1062926054000854,0.009207085706293583,97.95999908447266,1.6030000448226929,147.57000732421875
2020-02-05,1557.800048828125,17.569000244140625,50.75,1.1047282218933105,0.00913684256374836,98.2699966430664,1.6490000486373901,147.1199951171875
2020-02-06,1565.0999755859375,17.788999557495117,50.95000076293945,1.1002310514450073,0.009106306359171867,98.5,1.6440000534057617,147.03500366210938
2020-02-07,1568.5999755859375,17.665000915527344,50.31999969482422,1.0982975959777832,0.009093554690480232,98.68000030517578,1.5779999494552612,147.27999877929688
2020-02-10,1574.699951171875,17.757999420166016,49.56999969482422,1.0949305295944214,0.009120343253016472,98.83000183105469,1.5470000505447388,147.5449981689453
2020-02-11,1565.5999755859375,17.572999954223633,49.939998626708984,1.0913456678390503,0.009110289625823498,98.72000122070312,1.590000033378601,147.32000732421875
2020-02-12,1567.4000244140625,17.47800064086914,51.16999816894531,1.091941475868225,0.009103902615606785,99.05000305175781,1.6299999952316284,147.17999267578125
2020-02-13,1575.0999755859375,17.600000381469727,51.41999816894531,1.0875948667526245,0.009103653952479362,99.06999969482422,1.6169999837875366,147.32000732421875
2020-02-14,1582.699951171875,17.71500015258789,52.04999923706055,1.0845986604690552,0.009110952727496624,99.12000274658203,1.5880000591278076,147.56500244140625
2020-02-17,1582.699951171875,17.71500015258789,52.04999923706055,1.0841753482818604,0.009108214639127254,99.12000274658203,1.5880000591278076,147.44500732421875
2020-02-18,1600.0,18.131000518798828,52.04999923706055,1.0840108394622803,0.009104980155825615,99.45999908447266,1.555999994277954,147.55999755859375
2020-02-19,1607.5,18.29199981689453,53.290000915527344,1.079540491104126,0.009097608737647533,99.5999984741211,1.5700000524520874,147.55499267578125
2020-02-20,1616.5999755859375,18.30900001525879,53.779998779296875,1.081009864807129,0.008991996757686138,99.87000274658203,1.524999976158142,148.03500366210938
2020-02-21,1644.5999755859375,18.520999908447266,53.380001068115234,1.078799843788147,0.00893223937600851,99.26000213623047,1.4709999561309814,148.03500366210938
2020-02-24,1672.4000244140625,18.868000030517578,51.43000030517578,1.0839051008224487,0.008964027278125286,99.29000091552734,1.3769999742507935,148.47000122070312
2020-02-25,1646.9000244140625,18.183000564575195,49.900001525878906,1.0849199295043945,0.009020630270242691,98.97000122070312,1.3300000429153442,148.47000122070312
2020-02-26,1640.0,17.826000213623047,48.72999954223633,1.0881996154785156,0.009067333303391933,99.0,1.309999942779541,148.52999877929688
2020-02-27,1640.0,17.658000946044922,47.09000015258789,1.0885894298553467,0.009061007760465145,98.44000244140625,1.2990000247955322,149.27999877929688
2020-02-28,1564.0999755859375,16.386999130249023,44.7599983215332,1.0997228622436523,0.009119095280766487,98.12999725341797,1.1269999742507935,150.80999755859375
2020-03-02,1592.300048828125,16.679000854492188,46.75,1.1051311492919922,0.00928531028330326,97.36000061035156,1.0880000591278076,150.0850067138672
2020-03-03,1642.0999755859375,17.128999710083008,47.18000030517578,1.1144047975540161,0.009217694401741028,97.1500015258789,1.0099999904632568,150.47500610351562
2020-03-04,1641.0999755859375,17.187000274658203,46.779998779296875,1.118067979812622,0.009342563338577747,97.33999633789062,0.9919999837875366,150.3699951171875
2020-03-05,1666.4000244140625,17.341999053955078,45.900001525878906,1.113908290863037,0.009287034161388874,96.81999969482422,0.9259999990463257,151.22500610351562
2020-03-06,1670.800048828125,17.214000701904297,41.279998779296875,1.1223849058151245,0.009411942213773727,95.94999694824219,0.7059999704360962,151.7449951171875
2020-03-09,1674.5,17.000999450683594,31.1299991607666,1.1386020183563232,0.009621120058000088,94.9000015258789,0.49900001287460327,153.625
2020-03-10,1659.0999755859375,16.9060001373291,34.36000061035156,1.1397960186004639,0.009698192588984966,96.41000366210938,0.7480000257492065,153.3249969482422
2020-03-11,1641.4000244140625,16.729000091552734,32.97999954223633,1.1316505670547485,0.009521451778709888,96.51000213623047,0.8199999928474426,152.8800048828125
2020-03-12,1589.300048828125,15.961000442504883,31.5,1.1261515617370605,0.00956480111926794,97.47000122070312,0.8489999771118164,149.9199981689453
2020-03-13,1515.699951171875,14.456000328063965,31.729999542236328,1.1184931993484497,0.009559315629303455,98.75,0.9509999752044678,150.08999633789062
2020-03-16,1485.9000244140625,12.772000312805176,28.700000762939453,1.115536093711853,0.009373124688863754,98.08999633789062,0.7279999852180481,148.2949981689453
2020-03-17,1524.9000244140625,12.468999862670898,26.950000762939453,1.1163206100463867,0.009418413043022156,99.58000183105469,0.996999979019165,149.6750030517578
2020-03-18,1477.300048828125,11.734999656677246,20.3700008392334,1.101552128791809,0.009312981739640236,101.16000366210938,1.2660000324249268,146.64999389648438
2020-03-19,1478.5999755859375,12.097000122070312,25.219999313354492,1.0961546897888184,0.009228497743606567,102.76000213623047,1.11899995803833,143.52000427246094
2020-03-20,1484.0,12.348999977111816,22.43000030517578,1.0657345056533813,0.008985452353954315,102.81999969482422,0.9380000233650208,147.26499938964844
2020-03-23,1567.0,13.225000381469727,23.360000610351562,1.0694386959075928,0.009052887558937073,102.48999786376953,0.7639999985694885,147.8800048828125
2020-03-24,1660.199951171875,14.229000091552734,24.010000228881836,1.0764610767364502,0.009023071266710758,101.73999786376953,0.8159999847412109,147.0500030517578
2020-03-25,1632.300048828125,14.836999893188477,24.489999771118164,1.080263614654541,0.008999279700219631,101.05000305175781,0.8579999804496765,146.28500366210938
2020-03-26,1650.0999755859375,14.640000343322754,22.600000381469727,1.0889569520950317,0.00901908427476883,99.41999816894531,0.8109999895095825,146.02000427246094
2020-03-27,1623.9000244140625,14.498000144958496,21.510000228881836,1.1048258543014526,0.009165146388113499,98.37000274658203,0.7490000128746033,146.02000427246094
2020-03-30,1622.0,14.074000358581543,20.09000015258789,1.113908290863037,0.009309859946370125,99.18000030517578,0.6700000166893005,148.6649932861328
2020-03-31,1583.4000244140625,14.097999572753906,20.479999542236328,1.1030466556549072,0.00925625953823328,99.05000305175781,0.6980000138282776,147.875
2020-04-01,1578.199951171875,13.925999641418457,20.309999465942383,1.102657437324524,0.009301632642745972,99.66999816894531,0.6349999904632568,148.1999969482422
2020-04-02,1625.699951171875,14.595999717712402,25.31999969482422,1.0953621864318848,0.00932340044528246,100.18000030517578,0.6269999742507935,148.22500610351562
2020-04-03,1633.699951171875,14.435999870300293,28.34000015258789,1.0847399234771729,0.009259173646569252,100.58000183105469,0.5870000123977661,148.22500610351562
2020-04-06,1677.0,15.111000061035156,26.079999923706055,1.0806955099105835,0.00920022465288639,100.69000244140625,0.6759999990463257,148.11500549316406
2020-04-07,1664.800048828125,15.42199993133545,23.6299991607666,1.0803803205490112,0.009164642542600632,99.9800033569336,0.7360000014305115,147.22000122070312
2020-04-08,1665.4000244140625,15.147000312805176,25.09000015258789,1.0895144939422607,0.009203780442476273,100.12000274658203,0.7639999985694885,147.15499877929688
2020-04-09,1736.199951171875,15.994999885559082,22.760000228881836,1.0863661766052246,0.009180882014334202,99.5199966430664,0.7289999723434448,147.1649932861328
2020-04-10,1736.199951171875,15.994999885559082,22.760000228881836,1.0927408933639526,0.009211411699652672,99.5199966430664,0.7289999723434448,147.1649932861328
2020-04-13,1744.800048828125,15.479000091552734,22.40999984741211,1.0932666063308716,0.009230541996657848,99.3499984741211,0.7490000128746033,147.1649932861328
2020-04-14,1756.699951171875,16.07200050354004,20.110000610351562,1.0922993421554565,0.00929169449955225,98.88999938964844,0.7519999742507935,147.55499267578125
2020-04-15,1727.199951171875,15.446999549865723,19.8700008392334,1.098538875579834,0.00933672022074461,99.45999908447266,0.6380000114440918,148.9550018310547
2020-04-16,1720.4000244140625,15.564000129699707,19.8700008392334,1.0905101299285889,0.0092929033562541,100.02999877929688,0.609000027179718,148.64999389648438
2020-04-17,1689.199951171875,15.237000465393066,18.270000457763672,1.0858471393585205,0.009263977408409119,99.77999877929688,0.6539999842643738,148.64999389648438
2020-04-20,1701.5999755859375,15.555999755859375,-37.630001068115234,1.0866966247558594,0.0092876385897398,99.95999908447266,0.6259999871253967,148.11000061035156
2020-04-21,1678.199951171875,14.817999839782715,10.010000228881836,1.0864840745925903,0.009287724271416664,100.26000213623047,0.5709999799728394,148.5850067138672
2020-04-22,1728.699951171875,15.277000427246094,13.779999732971191,1.0856467485427856,0.009283240884542465,100.38999938964844,0.6190000176429749,147.97999572753906
2020-04-23,1733.300048828125,15.347999572753906,16.5,1.080964207649231,0.009275319054722786,100.43000030517578,0.6129999756813049,148.23500061035156
2020-04-24,1723.5,15.253999710083008,16.940000534057617,1.077702283859253,0.009287896566092968,100.37999725341797,0.5960000157356262,148.64999389648438
2020-04-27,1711.9000244140625,15.201000213623047,12.779999732971191,1.08236825466156,0.009302757680416107,100.04000091552734,0.656000018119812,148.33999633789062
2020-04-28,1710.5,15.161999702453613,12.34000015258789,1.0824854373931885,0.009321141988039017,99.87000274658203,0.6100000143051147,148.4199981689453
2020-04-29,1703.4000244140625,15.15999984741211,15.0600004196167,1.0836584568023682,0.009368471801280975,99.56999969482422,0.6269999742507935,148.625
2020-04-30,1684.199951171875,14.89799976348877,18.84000015258789,1.087725043296814,0.009379982948303223,99.0199966430664,0.621999979019165,149.82000732421875
2020-05-01,1694.5,14.86299991607666,19.780000686645508,1.094546914100647,0.009320966899394989,98.80000305175781,0.6420000195503235,149.82000732421875
2020-05-04,1706.9000244140625,14.722000122070312,20.389999389648438,1.0959625244140625,0.009368734434247017,99.4800033569336,0.6370000243186951,149.4199981689453
2020-05-05,1704.4000244140625,15.057000160217285,24.559999465942383,1.0904293060302734,0.00937233492732048,99.70999908447266,0.6570000052452087,149.52999877929688
2020-05-06,1684.199951171875,14.987000465393066,23.989999771118164,1.0838581323623657,0.00939390528947115,100.08999633789062,0.7110000252723694,148.66000366210938
2020-05-07,1721.800048828125,15.562000274658203,23.549999237060547,1.0798553228378296,0.009416993707418442,99.88999938964844,0.6309999823570251,149.2100067138672
2020-05-08,1709.9000244140625,15.739999771118164,24.739999771118164,1.0837171077728271,0.009402119554579258,99.7300033569336,0.6819999814033508,148.94500732421875
2020-05-11,1695.300048828125,15.63599967956543,24.139999389648438,1.0839520692825317,0.00935287494212389,100.23999786376953,0.7260000109672546,148.6999969482422
2020-05-12,1704.4000244140625,15.687000274658203,25.780000686645508,1.080940842628479,0.009296617470681667,99.93000030517578,0.6779999732971191,148.6649932861328
2020-05-13,1713.9000244140625,15.663000106811523,25.290000915527344,1.0846810340881348,0.009333756752312183,100.23999786376953,0.6489999890327454,148.9499969482422
2020-05-14,1738.0999755859375,16.13599967956543,27.559999465942383,1.08236825466156,0.00935165025293827,100.47000122070312,0.6190000176429749,149.09500122070312
2020-05-15,1753.4000244140625,17.04599952697754,29.43000030517578,1.0806955099105835,0.009314022026956081,100.4000015258789,0.6399999856948853,148.97999572753906
2020-05-18,1731.800048828125,17.464000701904297,31.81999969482422,1.0821340084075928,0.0093276621773839,99.66999816894531,0.7440000176429749,148.32000732421875
2020-05-19,1744.199951171875,17.892000198364258,32.5,1.0915124416351318,0.009312634356319904,99.37000274658203,0.7110000252723694,148.32000732421875
2020-05-20,1750.5999755859375,18.00200080871582,33.4900016784668,1.0927767753601074,0.009275577962398529,99.12000274658203,0.6800000071525574,148.35499572753906
2020-05-21,1720.5,17.334999084472656,33.91999816894531,1.0982975959777832,0.009294457733631134,99.37000274658203,0.6769999861717224,148.4600067138672
2020-05-22,1734.5999755859375,17.663999557495117,33.25,1.0952903032302856,0.009291003458201885,99.86000061035156,0.6570000052452087,148.4600067138672
2020-05-25,1734.5999755859375,17.663999557495117,33.25,1.0907801389694214,0.009282034821808338,99.86000061035156,0.6570000052452087,148.43499755859375
2020-05-26,1704.800048828125,17.565000534057617,34.349998474121094,1.0902997255325317,0.009286172688007355,98.91000366210938,0.6980000138282776,147.6199951171875
2020-05-27,1710.300048828125,17.68600082397461,32.810001373291016,1.0981770753860474,0.009303105063736439,99.05999755859375,0.6800000071525574,147.55499267578125
2020-05-28,1713.300048828125,17.895000457763672,33.709999084472656,1.1016855239868164,0.009276609867811203,98.37999725341797,0.7049999833106995,147.07000732421875
2020-05-29,1736.9000244140625,18.440000534057617,35.4900016784668,1.1079105138778687,0.009289967827498913,98.33999633789062,0.6480000019073486,147.77000427246094
2020-06-01,1737.800048828125,18.76799964904785,35.439998626708984,1.1118524074554443,0.009284361265599728,97.83000183105469,0.6620000004768372,147.77000427246094
2020-06-02,1725.199951171875,18.207000732421875,36.810001373291016,1.1125946044921875,0.00929817371070385,97.66999816894531,0.6800000071525574,147.33999633789062
2020-06-03,1697.800048828125,17.92099952697754,37.290000915527344,1.118943691253662,0.00919041596353054,97.27999877929688,0.7609999775886536,146.58999633789062
2020-06-04,1718.9000244140625,18.02400016784668,37.40999984741211,1.1235954761505127,0.00917439628392458,96.68000030517578,0.8199999928474426,146.22000122070312
2020-06-05,1676.199951171875,17.44300079345703,39.54999923706055,1.1337867975234985,0.00916170421987772,96.94000244140625,0.9039999842643738,145.5
2020-06-08,1698.300048828125,17.868000030517578,38.189998626708984,1.1319515705108643,0.009121257811784744,96.62000274658203,0.8840000033378601,146.11000061035156
2020-06-09,1714.699951171875,17.77400016784668,38.939998626708984,1.1305567026138306,0.009224326349794865,96.31999969482422,0.8289999961853027,146.09500122070312
2020-06-10,1713.300048828125,17.775999069213867,39.599998474121094,1.1332215070724487,0.009276696480810642,95.95999908447266,0.7480000257492065,146.38999938964844
2020-06-11,1732.0,17.868999481201172,36.34000015258789,1.1365444660186768,0.009347453713417053,96.7300033569336,0.652999997138977,147.38499450683594
2020-06-12,1729.300048828125,17.461999893188477,36.2599983215332,1.1288082599639893,0.009363032877445221,97.31999969482422,0.6990000009536743,147.63499450683594
2020-06-15,1720.300048828125,17.378999710083008,37.119998931884766,1.1252011060714722,0.009318709373474121,96.68000030517578,0.7020000219345093,147.60499572753906
2020-06-16,1729.5999755859375,17.631999969482422,38.380001068115234,1.1337740421295166,0.009305441752076149,96.95999908447266,0.7559999823570251,147.44000244140625
2020-06-17,1729.199951171875,17.756999969482422,37.959999084472656,1.1265701055526733,0.009310119785368443,97.16000366210938,0.7329999804496765,147.48500061035156
2020-06-18,1724.800048828125,17.493000030517578,38.84000015258789,1.1242902278900146,0.009355062618851662,97.41999816894531,0.6940000057220459,147.88499450683594
2020-06-19,1745.9000244140625,17.832000732421875,39.75,1.1211000680923462,0.009345270693302155,97.62000274658203,0.6970000267028809,147.84500122070312
2020-06-22,1756.699951171875,17.886999130249023,40.459999084472656,1.1177555322647095,0.00936057884246111,97.04000091552734,0.7039999961853027,148.0800018310547
2020-06-23,1772.0999755859375,18.051000595092773,40.369998931884766,1.1279679536819458,0.009354274719953537,96.69000244140625,0.7089999914169312,147.4550018310547
2020-06-24,1765.800048828125,17.658000946044922,38.0099983215332,1.1312345266342163,0.009395670145750046,97.1500015258789,0.6840000152587891,148.05999755859375
2020-06-25,1762.0999755859375,17.882999420166016,38.720001220703125,1.1250872611999512,0.009341953322291374,97.43000030517578,0.6740000247955322,148.4199981689453
2020-06-26,1772.5,18.023000717163086,38.4900016784668,1.1222084760665894,0.009332275949418545,97.5,0.6359999775886536,148.52000427246094
2020-06-29,1774.800048828125,17.979999542236328,39.70000076293945,1.1225864887237549,0.009326792322099209,97.54000091552734,0.6359999775886536,148.39999389648438
2020-06-30,1793.0,18.541000366210938,39.27000045776367,1.1247202157974243,0.009294544346630573,97.38999938964844,0.652999997138977,148.22999572753906
2020-07-01,1773.199951171875,18.132999420166016,39.81999969482422,1.1235954761505127,0.009260202758014202,97.19999694824219,0.6819999814033508,147.5050048828125
2020-07-02,1784.0,18.243999481201172,40.650001525878906,1.1251378059387207,0.009313935413956642,97.31999969482422,0.6690000295639038,147.82000732421875
2020-07-03,1784.0,18.243999481201172,40.650001525878906,1.1237848997116089,0.009302585385739803,97.31999969482422,0.6690000295639038,147.85000610351562
2020-07-06,1788.5,18.503999710083008,40.630001068115234,1.1247202157974243,0.009295494295656681,96.79000091552734,0.6840000152587891,147.80999755859375
2020-07-07,1804.199951171875,18.628000259399414,40.619998931884766,1.1312856674194336,0.009314542636275291,96.87999725341797,0.6499999761581421,147.80499267578125
2020-07-08,1815.5,19.08099937438965,40.900001525878906,1.1275228261947632,0.00929558090865612,96.43000030517578,0.652999997138977,148.0399932861328
2020-07-09,1799.199951171875,18.881999969482422,39.619998931884766,1.1339154243469238,0.009321141988039017,96.69999694824219,0.6050000190734863,148.3350067138672
2020-07-10,1798.199951171875,18.982999801635742,40.54999923706055,1.1287955045700073,0.00932522676885128,96.6500015258789,0.6330000162124634,148.53500366210938
2020-07-13,1811.0,19.708999633789062,40.099998474121094,1.1310042142868042,0.00935366190969944,96.45999908447266,0.6399999856948853,147.72500610351562
2020-07-14,1810.5999755859375,19.451000213623047,40.290000915527344,1.134549617767334,0.009321749210357666,96.26000213623047,0.6150000095367432,148.13499450683594
2020-07-15,1811.4000244140625,19.684999465942383,41.20000076293945,1.1410704851150513,0.009324443526566029,96.08000183105469,0.6299999952316284,148.10000610351562
2020-07-16,1798.699951171875,19.496999740600586,40.75,1.1417193412780762,0.009353050030767918,96.3499984741211,0.6119999885559082,148.3800048828125
2020-07-17,1808.300048828125,19.684999465942383,40.59000015258789,1.139211654663086,0.009321575984358788,95.94000244140625,0.628000020980835,148.1300048828125
2020-07-20,1815.9000244140625,20.124000549316406,40.810001373291016,1.1442956924438477,0.009337940253317356,95.83000183105469,0.6200000047683716,148.30999755859375
2020-07-21,1842.4000244140625,21.496999740600586,41.959999084472656,1.1458691358566284,0.009328706189990044,95.12000274658203,0.6069999933242798,148.2949981689453
2020-07-22,1864.0999755859375,23.08300018310547,41.900001525878906,1.15340256690979,0.009360491298139095,94.97000122070312,0.5950000286102295,148.72500610351562
2020-07-23,1889.0999755859375,22.94499969482422,41.06999969482422,1.1568717956542969,0.00933053344488144,94.69000244140625,0.5820000171661377,148.6199951171875
2020-07-24,1897.300048828125,22.808000564575195,41.290000915527344,1.1596084833145142,0.009359966032207012,94.44000244140625,0.5889999866485596,148.27499389648438
2020-07-27,1931.0,24.47599983215332,41.599998474121094,1.1652567386627197,0.009434585459530354,93.66999816894531,0.609000027179718,148.71499633789062
2020-07-28,1944.699951171875,24.266000747680664,41.040000915527344,1.1769275665283203,0.00950019434094429,93.76000213623047,0.5809999704360962,148.89999389648438
2020-07-29,1953.5,24.292999267578125,41.27000045776367,1.171879529953003,0.009514113888144493,93.26000213623047,0.5789999961853027,148.89999389648438
2020-07-30,1942.300048828125,23.34000015258789,39.91999816894531,1.1782865524291992,0.009520907886326313,93.0199966430664,0.5410000085830688,149.36500549316406
2020-07-31,1962.800048828125,24.18899917602539,40.27000045776367,1.1872254610061646,0.009552649222314358,93.48999786376953,0.5360000133514404,149.14999389648438
2020-08-03,1966.0,24.389999389648438,41.0099983215332,1.1782310009002686,0.009445903822779655,93.5,0.5630000233650208,148.97999572753906
2020-08-04,2001.199951171875,26.011999130249023,41.70000076293945,1.1763322353363037,0.009431293234229088,93.37999725341797,0.5149999856948853,148.97999572753906
2020-08-05,2031.0999755859375,26.87700080871582,42.189998626708984,1.181544303894043,0.00946844182908535,92.83000183105469,0.5429999828338623,148.86000061035156
2020-08-06,2051.5,28.386999130249023,41.95000076293945,1.187281847000122,0.009473913349211216,92.79000091552734,0.5360000133514404,149.21499633789062
2020-08-07,2010.0999755859375,27.533000946044922,41.220001220703125,1.1876484155654907,0.009471400640904903,93.44000244140625,0.5619999766349792,148.8699951171875
2020-08-10,2024.4000244140625,29.249000549316406,41.939998626708984,1.1782727241516113,0.009447331540286541,93.58000183105469,0.5740000009536743,149.03500366210938
2020-08-11,1932.5999755859375,26.03700065612793,41.61000061035156,1.1737778186798096,0.009434674866497517,93.62999725341797,0.6579999923706055,148.35000610351562
2020-08-12,1934.9000244140625,25.954999923706055,42.66999816894531,1.1736538410186768,0.009387820027768612,93.44000244140625,0.6700000166893005,148.0800018310547
2020-08-13,1956.699951171875,27.694000244140625,42.2400016784668,1.179380178451538,0.009361367672681808,93.33999633789062,0.7160000205039978,147.63999938964844
2020-08-14,1937.0,26.065000534057617,42.0099983215332,1.1816558837890625,0.009347016923129559,93.0999984741211,0.7089999914169312,147.63999938964844
2020-08-17,1985.0,27.64299964904785,42.88999938964844,1.1852554082870483,0.009384912438690662,92.8499984741211,0.6830000281333923,148.0500030517578
2020-08-18,1999.4000244140625,28.048999786376953,42.88999938964844,1.1876484155654907,0.009434406645596027,92.2699966430664,0.6690000295639038,148.10499572753906
2020-08-19,1958.699951171875,27.315000534057617,42.93000030517578,1.1947859525680542,0.009503534995019436,92.88999938964844,0.675000011920929,148.52499389648438
2020-08-20,1933.800048828125,27.121999740600586,42.58000183105469,1.1843500137329102,0.009426936507225037,92.79000091552734,0.6439999938011169,148.64500427246094
2020-08-21,1934.5999755859375,26.707000732421875,42.34000015258789,1.1873664855957031,0.009463871829211712,93.25,0.6399999856948853,148.65499877929688
2020-08-24,1927.699951171875,26.58799934387207,42.619998931884766,1.1798018217086792,0.00944492220878601,93.30000305175781,0.6460000276565552,148.55999755859375
2020-08-25,1911.800048828125,26.253999710083008,43.349998474121094,1.1794538497924805,0.009434585459530354,93.0199966430664,0.6819999814033508,147.74000549316406
2020-08-26,1940.699951171875,27.43000030517578,43.38999938964844,1.183501958847046,0.009398054331541061,93.01000213623047,0.6869999766349792,147.64999389648438
2020-08-27,1921.5999755859375,27.010000228881836,43.040000915527344,1.1842728853225708,0.009446795098483562,93.01000213623047,0.7459999918937683,147.36000061035156
2020-08-28,1964.5999755859375,27.610000610351562,42.970001220703125,1.1819632053375244,0.009377608075737953,92.37000274658203,0.7289999723434448,147.375
2020-08-31,1967.5999755859375,28.437000274658203,42.61000061035156,1.1918240785598755,0.009475529193878174,92.13999938964844,0.6930000185966492,147.27999877929688
2020-09-01,1968.199951171875,28.486000061035156,42.7599983215332,1.193901538848877,0.009433606639504433,92.33999633789062,0.671999990940094,147.4550018310547
2020-09-02,1934.4000244140625,27.249000549316406,41.5099983215332,1.1923214197158813,0.00944322720170021,92.8499984741211,0.6510000228881836,148.22000122070312
2020-09-03,1927.5999755859375,26.735000610351562,41.369998931884766,1.184735894203186,0.009415486827492714,92.73999786376953,0.621999979019165,148.46499633789062
2020-09-04,1923.9000244140625,26.576000213623047,39.77000045776367,1.1839784383773804,0.009426314383745193,92.72000122070312,0.7210000157356262,148.2899932861328
2020-09-07,1923.9000244140625,26.576000213623047,39.77000045776367,1.183445930480957,0.009406364522874355,92.72000122070312,0.7210000157356262,148.1199951171875
2020-09-08,1933.0,26.86400032043457,36.7599983215332,1.1821727752685547,0.009406895376741886,93.4800033569336,0.6840000152587891,148.3350067138672
2020-09-09,1944.699951171875,26.954999923706055,38.04999923706055,1.177024483680725,0.009436811320483685,93.26000213623047,0.703000009059906,148.0500030517578
2020-09-10,1954.199951171875,27.163000106811523,37.29999923706055,1.1806375980377197,0.00941344816237688,93.33999633789062,0.6850000023841858,148.0500030517578
2020-09-11,1937.800048828125,26.73900032043457,37.33000183105469,1.1824384927749634,0.009421252645552158,93.33000183105469,0.6690000295639038,148.31500244140625
2020-09-14,1953.0999755859375,27.229000091552734,37.2599983215332,1.1842728853225708,0.009421075694262981,93.06999969482422,0.6710000038146973,148.27499389648438
2020-09-15,1956.300048828125,27.34600067138672,38.279998779296875,1.187000036239624,0.00945939589291811,93.05000305175781,0.6790000200271606,148.31500244140625
2020-09-16,1960.199951171875,27.354999542236328,40.15999984741211,1.1844412088394165,0.009489377029240131,93.20999908447266,0.6869999766349792,148.2899932861328
2020-09-17,1940.0,26.985000610351562,40.970001220703125,1.1803449392318726,0.00951818935573101,92.97000122070312,0.6840000152587891,148.42999267578125
2020-09-18,1952.0999755859375,27.027999877929688,41.11000061035156,1.1848200559616089,0.009551281109452248,92.93000030517578,0.6940000057220459,148.3300018310547
2020-09-21,1901.199951171875,24.298999786376953,39.310001373291016,1.1845533847808838,0.009565990418195724,93.54000091552734,0.6710000038146973,148.89999389648438
2020-09-22,1898.5999755859375,24.441999435424805,39.599998474121094,1.176800012588501,0.009552010335028172,93.98999786376953,0.6639999747276306,148.56500244140625
2020-09-23,1859.9000244140625,23.013999938964844,39.93000030517578,1.1708368062973022,0.009520727209746838,94.38999938964844,0.6759999990463257,148.51499938964844
2020-09-24,1868.300048828125,23.118000030517578,40.310001373291016,1.1658544540405273,0.009496315382421017,94.3499984741211,0.6660000085830688,148.56500244140625
2020-09-25,1857.699951171875,23.017000198364258,40.25,1.1673243045806885,0.009484516456723213,94.58000183105469,0.6589999794960022,148.875
2020-09-28,1872.800048828125,23.527999877929688,40.599998474121094,1.1635348796844482,0.009472029283642769,94.26000213623047,0.6629999876022339,148.77000427246094
2020-09-29,1894.300048828125,24.3799991607666,39.290000915527344,1.167883276939392,0.009484696201980114,93.88999938964844,0.6449999809265137,149.02000427246094
2020-09-30,1887.5,23.433000564575195,40.220001220703125,1.1742050647735596,0.009463961236178875,93.88999938964844,0.6769999861717224,148.72000122070312
2020-10-01,1908.4000244140625,24.19300079345703,38.720001220703125,1.1726078987121582,0.009483077563345432,93.70999908447266,0.6769999861717224,148.81500244140625
2020-10-02,1900.199951171875,23.97100067138672,37.04999923706055,1.1744946241378784,0.009474811144173145,93.83999633789062,0.6959999799728394,148.92999267578125
2020-10-05,1912.5,24.50200080871582,39.220001220703125,1.1720443964004517,0.009477774612605572,93.51000213623047,0.7620000243186951,148.67999267578125
2020-10-06,1901.0999755859375,23.8700008392334,40.66999816894531,1.1792453527450562,0.009460111148655415,93.83000183105469,0.7419999837875366,148.5850067138672
2020-10-07,1883.5999755859375,23.847999572753906,39.95000076293945,1.1737639904022217,0.009466111660003662,93.62999725341797,0.7850000262260437,148.52000427246094
2020-10-08,1888.5999755859375,23.836999893188477,41.189998626708984,1.176747441291809,0.0094370786100626,93.61000061035156,0.7649999856948853,148.8350067138672
2020-10-09,1919.5,25.069000244140625,40.599998474121094,1.1767003536224365,0.009432360529899597,93.05999755859375,0.7749999761581421,148.90499877929688
2020-10-12,1922.5,25.22599983215332,39.43000030517578,1.181683897972107,0.009466827847063541,93.06999969482422,0.7770000100135803,149.0500030517578
2020-10-13,1888.5,24.086000442504883,40.20000076293945,1.1816140413284302,0.00949316006153822,93.52999877929688,0.7269999980926514,149.22999572753906
2020-10-14,1901.300048828125,24.36400032043457,41.040000915527344,1.1742188930511475,0.009481368586421013,93.37999725341797,0.722000002861023,149.44500732421875
2020-10-15,1903.199951171875,24.19300079345703,40.959999084472656,1.1743981838226318,0.009511218406260014,93.86000061035156,0.7310000061988831,149.9600067138672
2020-10-16,1900.800048828125,24.368999481201172,40.880001068115234,1.1707134246826172,0.0094912676140666,93.68000030517578,0.7440000176429749,150.0
2020-10-19,1906.4000244140625,24.656999588012695,40.83000183105469,1.1715501546859741,0.009485236369073391,93.43000030517578,0.7609999775886536,150.1199951171875
2020-10-20,1910.4000244140625,24.937000274658203,41.459999084472656,1.176885962486267,0.009481368586421013,93.06999969482422,0.796999990940094,149.84500122070312
2020-10-21,1924.5999755859375,25.19700050354004,40.029998779296875,1.1829839944839478,0.009480739943683147,92.61000061035156,0.8159999847412109,149.66000366210938
2020-10-22,1901.0999755859375,24.665000915527344,40.63999938964844,1.1853959560394287,0.009553288109600544,92.94999694824219,0.8479999899864197,149.66000366210938
2020-10-23,1902.0,24.62700080871582,39.849998474121094,1.1815024614334106,0.009530981071293354,92.7699966430664,0.8410000205039978,149.48500061035156
2020-10-26,1902.699951171875,24.375999450683594,38.560001373291016,1.1848480701446533,0.009552649222314358,93.05000305175781,0.8009999990463257,149.4199981689453
2020-10-27,1908.800048828125,24.525999069213867,39.56999969482422,1.1809443235397339,0.009539072401821613,92.94000244140625,0.777999997138977,149.85499572753906
2020-10-28,1876.199951171875,23.323999404907227,37.38999938964844,1.1784114837646484,0.009565259329974651,93.41000366210938,0.781000018119812,150.09500122070312
2020-10-29,1865.5999755859375,23.339000701904297,36.16999816894531,1.1748672723770142,0.009586349129676819,93.95999908447266,0.8349999785423279,150.22999572753906
2020-10-30,1877.4000244140625,23.617000579833984,35.790000915527344,1.1678695678710938,0.009564435109496117,94.04000091552734,0.8600000143051147,150.0749969482422
2020-11-02,1890.4000244140625,24.006000518798828,36.810001373291016,1.1642121076583862,0.009562057442963123,94.05000305175781,0.8489999771118164,150.22999572753906
2020-11-03,1908.5,24.30500030517578,37.65999984741211,1.1642799377441406,0.009548818692564964,93.55000305175781,0.8820000290870667,150.02000427246094
2020-11-04,1894.5999755859375,23.86400032043457,39.150001525878906,1.176221489906311,0.009565168060362339,93.41000366210938,0.7680000066757202,150.3249969482422
2020-11-05,1945.300048828125,25.17099952697754,38.790000915527344,1.17326819896698,0.009575058706104755,92.52999877929688,0.7760000228881836,150.11000061035156
2020-11-06,1950.300048828125,25.645999908447266,37.13999938964844,1.1817537546157837,0.009652230888605118,92.2300033569336,0.8199999928474426,149.8800048828125
2020-11-09,1853.199951171875,23.684999465942383,40.290000915527344,1.1893010139465332,0.009684949181973934,92.7300033569336,0.9580000042915344,148.47500610351562
2020-11-10,1875.4000244140625,24.445999145507812,41.36000061035156,1.182732105255127,0.009511399082839489,92.75,0.972000002861023,148.22000122070312
2020-11-11,1860.699951171875,24.250999450683594,41.45000076293945,1.1818794012069702,0.009500284679234028,93.04000091552734,0.9580000042915344,148.4199981689453
2020-11-12,1872.5999755859375,24.290000915527344,41.119998931884766,1.1780297756195068,0.00948631577193737,92.95999908447266,0.8849999904632568,148.80499267578125
2020-11-13,1885.699951171875,24.759000778198242,40.130001068115234,1.1803393363952637,0.009515653364360332,92.76000213623047,0.8930000066757202,149.0050048828125
2020-11-16,1887.300048828125,24.785999298095703,41.34000015258789,1.1845253705978394,0.009553288109600544,92.56999969482422,0.906000018119812,149.05999755859375
2020-11-17,1884.5,24.635000228881836,41.43000030517578,1.1859441995620728,0.009565625339746475,92.41999816894531,0.871999979019165,149.25
2020-11-18,1873.5,24.433000564575195,41.81999969482422,1.186366319656372,0.009598678909242153,92.31999969482422,0.8820000290870667,149.19000244140625
2020-11-19,1861.0999755859375,24.033000946044922,41.7400016784668,1.1847639083862305,0.009625195525586605,92.29000091552734,0.8539999723434448,149.3350067138672
2020-11-20,1872.5999755859375,24.347999572753906,42.150001525878906,1.1866477727890015,0.009631591849029064,92.38999938964844,0.8289999961853027,149.47500610351562
2020-11-23,1837.800048828125,23.624000549316406,43.060001373291016,1.1866477727890015,0.009632334113121033,92.51000213623047,0.8569999933242798,149.35000610351562
2020-11-24,1804.800048828125,23.29199981689453,44.90999984741211,1.1842728853225708,0.00956708937883377,92.2300033569336,0.8820000290870667,149.2100067138672
2020-11-25,1805.699951171875,23.356000900268555,45.709999084472656,1.1900511980056763,0.009568187408149242,91.98999786376953,0.878000020980835,149.2550048828125
2020-11-26,1805.699951171875,23.356000900268555,45.709999084472656,1.1920002698898315,0.009578543715178967,91.98999786376953,0.878000020980835,149.46499633789062
2020-11-27,1781.9000244140625,22.55299949645996,45.529998779296875,1.191599726676941,0.009593063034117222,91.79000091552734,0.8420000076293945,149.48500061035156
2020-11-30,1775.699951171875,22.534000396728516,45.34000015258789,1.1971460580825806,0.009607809595763683,91.87000274658203,0.843999981880188,149.2449951171875
2020-12-01,1814.0999755859375,24.033000946044922,44.54999923706055,1.193816065788269,0.009587819688022137,91.30999755859375,0.9340000152587891,148.69500732421875
2020-12-02,1825.699951171875,24.024999618530273,45.279998779296875,1.2074378728866577,0.009586900472640991,91.12000274658203,0.9480000138282776,148.64999389648438
2020-12-03,1836.800048828125,24.086999893188477,45.63999938964844,1.2114603519439697,0.009573225863277912,90.70999908447266,0.9200000166893005,148.99000549316406
2020-12-04,1835.9000244140625,24.202999114990234,46.2599983215332,1.2145650386810303,0.009631777182221413,90.69999694824219,0.968999981880188,148.875
2020-12-07,1861.800048828125,24.740999221801758,45.7599983215332,1.212135910987854,0.009597113355994225,90.79000091552734,0.9279999732971191,149.3699951171875
2020-12-08,1870.800048828125,24.68400001525879,45.599998474121094,1.2113136053085327,0.00961556937545538,90.97000122070312,0.9129999876022339,149.6750030517578
2020-12-09,1834.5999755859375,23.93000030517578,45.52000045776367,1.2110936641693115,0.009602919220924377,91.08999633789062,0.9409999847412109,149.56500244140625
2020-12-10,1833.5999755859375,24.0310001373291,46.779998779296875,1.207875370979309,0.009590301662683487,90.79000091552734,0.9079999923706055,149.5800018310547
2020-12-11,1839.800048828125,24.031999588012695,46.56999969482422,1.2144293785095215,0.009598586708307266,90.9800033569336,0.8930000066757202,150.0850067138672
2020-12-14,1828.699951171875,23.985000610351562,46.9900016784668,1.213340401649475,0.0096210278570652,90.70999908447266,0.8920000195503235,149.84500122070312
2020-12-15,1852.300048828125,24.58099937438965,47.619998931884766,1.214889645576477,0.009614460170269012,90.47000122070312,0.9229999780654907,149.75999450683594
2020-12-16,1856.0999755859375,24.985000610351562,47.81999969482422,1.2154301404953003,0.009649342857301235,90.44999694824219,0.9200000166893005,149.22500610351562
2020-12-17,1887.199951171875,26.100000381469727,48.36000061035156,1.2199585437774658,0.009664170444011688,89.81999969482422,0.9300000071525574,149.2949981689453
2020-12-18,1885.699951171875,25.948999404907227,49.099998474121094,1.226271629333496,0.009696406312286854,90.0199966430664,0.9480000138282776,149.27000427246094
2020-12-21,1879.199951171875,26.277999877929688,47.7400016784668,1.221612811088562,0.00966585148125887,90.04000091552734,0.9409999847412109,149.4949951171875
2020-12-22,1866.5999755859375,25.43400001525879,47.02000045776367,1.2236906290054321,0.009676795452833176,90.6500015258789,0.9179999828338623,149.60499572753906
2020-12-23,1874.699951171875,25.823999404907227,48.119998931884766,1.2186651229858398,0.009658663533627987,90.41000366210938,0.9549999833106995,148.96499633789062
2020-12-24,1879.9000244140625,25.81100082397461,48.22999954223633,1.2191405296325684,0.00965698342770338,90.33000183105469,0.9279999732971191,148.96499633789062
2020-12-25,1879.9000244140625,25.81100082397461,48.22999954223633,1.2184720039367676,0.00964757427573204,90.33000183105469,0.9279999732971191,148.96499633789062
2020-12-28,1877.199951171875,26.459999084472656,47.619998931884766,1.2205095291137695,0.009658756665885448,90.33999633789062,0.9330000281333923,149.11000061035156
2020-12-29,1879.699951171875,26.13800048828125,48.0,1.2223445177078247,0.009644224308431149,90.01000213623047,0.9350000023841858,149.31500244140625
2020-12-30,1891.0,26.488000869750977,48.400001525878906,1.225295066833496,0.00965633150190115,89.62999725341797,0.9259999990463257,149.1199951171875
2020-12-31,1893.0999755859375,26.332000732421875,48.52000045776367,1.2299896478652954,0.00969734601676464,89.94000244140625,0.9169999957084656,149.1199951171875
2021-01-01,1893.0999755859375,26.332000732421875,48.52000045776367,1.218026876449585,0.009687482379376888,89.94000244140625,0.9169999957084656,149.1199951171875
2021-01-04,1944.699951171875,27.284000396728516,47.619998931884766,1.2250697612762451,0.009686262346804142,89.87999725341797,0.9169999957084656,149.52499389648438
2021-01-05,1952.699951171875,27.570999145507812,49.93000030517578,1.2251598834991455,0.009696969762444496,89.44000244140625,0.9549999833106995,149.2550048828125
2021-01-06,1906.9000244140625,26.972999572753906,50.630001068115234,1.230027437210083,0.009739184752106667,89.52999877929688,1.0420000553131104,148.8699951171875
2021-01-07,1912.300048828125,27.200000762939453,50.83000183105469,1.2341108322143555,0.009706475771963596,89.83000183105469,1.0709999799728394,148.7949981689453
2021-01-08,1834.0999755859375,24.582000732421875,52.2400016784668,1.227144479751587,0.009634839370846748,90.0999984741211,1.1050000190734863,148.8350067138672
2021-01-11,1849.5999755859375,25.23900032043457,52.25,1.2186205387115479,0.009606977924704552,90.54000091552734,1.1319999694824219,148.51499938964844
2021-01-12,1842.9000244140625,25.384000778198242,53.209999084472656,1.2160701751708984,0.009603564627468586,90.05000305175781,1.1380000114440918,148.22999572753906
2021-01-13,1853.5999755859375,25.520000457763672,52.90999984741211,1.2208894491195679,0.009638368152081966,90.31999969482422,1.0880000591278076,148.8300018310547
2021-01-14,1850.300048828125,25.746000289916992,53.56999969482422,1.2162491083145142,0.009630478918552399,90.23999786376953,1.128999948501587,149.1750030517578
2021-01-15,1829.300048828125,24.825000762939453,52.36000061035156,1.2151259183883667,0.009631313383579254,90.77999877929688,1.097000002861023,149.0800018310547
2021-01-18,1829.300048828125,24.825000762939453,52.36000061035156,1.2068113088607788,0.009623898193240166,90.77999877929688,1.097000002861023,148.88499450683594
2021-01-19,1839.5,25.27899932861328,52.97999954223633,1.207729458808899,0.009642922319471836,90.5,1.0920000076293945,148.7550048828125
2021-01-20,1865.9000244140625,25.733999252319336,53.2400016784668,1.2138868570327759,0.009624917060136795,90.47000122070312,1.090000033378601,148.81500244140625
2021-01-21,1865.300048828125,25.82200050354004,53.130001068115234,1.2115631103515625,0.009656704030930996,90.12999725341797,1.1089999675750732,148.4550018310547
2021-01-22,1855.699951171875,25.52400016784668,52.27000045776367,1.2166293859481812,0.009661275893449783,90.23999786376953,1.090999960899353,148.57000732421875
2021-01-25,1854.9000244140625,25.454999923706055,52.77000045776367,1.216944694519043,0.00963604636490345,90.38999938964844,1.0399999618530273,149.03500366210938
2021-01-26,1850.699951171875,25.52899932861328,52.61000061035156,1.214624047279358,0.009637624956667423,90.16999816894531,1.0399999618530273,148.80499267578125
2021-01-27,1844.9000244140625,25.375999450683594,52.849998474121094,1.216299295425415,0.009652230888605118,90.6500015258789,1.0140000581741333,149.0050048828125
2021-01-28,1837.9000244140625,25.909000396728516,52.34000015258789,1.2105072736740112,0.009602181613445282,90.45999908447266,1.0570000410079956,148.875
2021-01-29,1847.300048828125,26.899999618530273,52.20000076293945,1.2120037078857422,0.009588555432856083,90.58000183105469,1.093000054359436,148.5449981689453
2021-02-01,1860.800048828125,29.398000717163086,53.54999923706055,1.2123857736587524,0.009552376344799995,91.0199966430664,1.0770000219345093,148.5
2021-02-02,1830.5,26.384000778198242,54.7599983215332,1.2068694829940796,0.009534616023302078,91.19999694824219,1.1050000190734863,148.14999389648438
2021-02-03,1832.199951171875,26.878000259399414,55.689998626708984,1.203905463218689,0.009521270170807838,91.12000274658203,1.13100004196167,147.77999877929688
2021-02-04,1788.9000244140625,26.222999572753906,56.22999954223633,1.2042388916015625,0.009524262510240078,91.52999877929688,1.1390000581741333,147.67999267578125
2021-02-05,1810.9000244140625,27.013999938964844,56.849998474121094,1.1966731548309326,0.00947220902889967,91.04000091552734,1.1699999570846558,147.5500030517578
2021-02-08,1831.9000244140625,27.56999969482422,57.970001220703125,1.2048773765563965,0.009487666189670563,90.93000030517578,1.159999966621399,147.52000427246094
2021-02-09,1835.300048828125,27.395999908447266,58.36000061035156,1.2053595781326294,0.009504799731075764,90.44000244140625,1.156999945640564,147.5
2021-02-10,1840.5999755859375,27.073999404907227,58.68000030517578,1.2119992971420288,0.009562515653669834,90.37000274658203,1.1330000162124634,147.43499755859375
2021-02-11,1824.9000244140625,27.04199981689453,58.2400016784668,1.2121212482452393,0.009558859281241894,90.41999816894531,1.1579999923706055,147.57000732421875
2021-02-12,1821.5999755859375,27.322999954223633,59.470001220703125,1.2131506204605103,0.009547360241413116,90.4800033569336,1.2000000476837158,147.09500122070312
2021-02-15,1821.5999755859375,27.322999954223633,59.470001220703125,1.2122093439102173,0.009518461301922798,90.4800033569336,1.2000000476837158,146.68499755859375
2021-02-16,1797.199951171875,27.319000244140625,60.04999923706055,1.2132196426391602,0.00948883593082428,90.51000213623047,1.2990000247955322,146.32000732421875
2021-02-17,1771.0999755859375,27.31399917602539,61.13999938964844,1.2092483043670654,0.009424804709851742,90.94999694824219,1.3009999990463257,146.5800018310547
2021-02-18,1773.4000244140625,27.07699966430664,60.52000045776367,1.2048004865646362,0.009446348994970322,90.58999633789062,1.2869999408721924,146.2449951171875
2021-02-19,1775.800048828125,27.25200080871582,59.2400016784668,1.209189772605896,0.009465035982429981,90.36000061035156,1.3450000286102295,145.86500549316406
2021-02-22,1806.699951171875,28.08300018310547,61.4900016784668,1.2126356363296509,0.00947741512209177,90.01000213623047,1.3700000047683716,146.2449951171875
2021-02-23,1804.4000244140625,27.68600082397461,61.66999816894531,1.2166796922683716,0.009525260888040066,90.16999816894531,1.3619999885559082,145.97000122070312
2021-02-24,1796.4000244140625,27.85700035095215,63.220001220703125,1.215214490890503,0.009498209692537785,90.18000030517578,1.3890000581741333,145.8000030517578
2021-02-25,1774.4000244140625,27.636999130249023,63.529998779296875,1.2171372175216675,0.009438948705792427,90.12999725341797,1.5180000066757202,145.10499572753906
2021-02-26,1728.0999755859375,26.402000427246094,61.5,1.2160420417785645,0.009400351904332638,90.93000030517578,1.4600000381469727,145.48500061035156
2021-03-01,1722.5,26.64699935913086,60.63999938964844,1.208956003189087,0.009389407001435757,91.04000091552734,1.4459999799728394,146.24000549316406
2021-03-02,1733.0999755859375,26.850000381469727,59.75,1.2051095962524414,0.009358827024698257,90.79000091552734,1.4149999618530273,146.28500366210938
2021-03-03,1715.300048828125,26.35700035095215,61.279998779296875,1.208546757698059,0.009366978891193867,90.94999694824219,1.4700000286102295,145.66000366210938
2021-03-04,1700.199951171875,25.43400001525879,63.83000183105469,1.2050660848617554,0.009340731427073479,91.62999725341797,1.5499999523162842,145.83999633789062
2021-03-05,1698.0,25.256999969482422,66.08999633789062,1.1967735290527344,0.009263118728995323,91.9800033569336,1.5540000200271606,145.8000030517578
2021-03-08,1677.699951171875,25.239999771118164,65.05000305175781,1.1925631761550903,0.00922347605228424,92.30999755859375,1.5959999561309814,145.5749969482422
2021-03-09,1716.5999755859375,26.148000717163086,64.01000213623047,1.185171127319336,0.009179448708891869,91.95999908447266,1.5460000038146973,145.77999877929688
2021-03-10,1721.5,26.101999282836914,64.44000244140625,1.1897906064987183,0.009210053831338882,91.79000091552734,1.5199999809265137,145.8350067138672
2021-03-11,1722.300048828125,26.16200065612793,66.0199966430664,1.1926058530807495,0.009222369641065598,91.41999816894531,1.5269999504089355,146.02000427246094
2021-03-12,1719.5,25.8799991607666,65.61000061035156,1.1986095905303955,0.009211920201778412,91.68000030517578,1.6349999904632568,145.59500122070312
2021-03-15,1728.9000244140625,26.253000259399414,65.38999938964844,1.1950000524520874,0.009164474904537201,91.83000183105469,1.6069999933242798,146.0050048828125
2021-03-16,1730.5999755859375,25.974000930786133,64.80000305175781,1.1925773620605469,0.009163047187030315,91.87000274658203,1.621000051498413,146.0
2021-03-17,1726.800048828125,26.030000686645508,64.5999984741211,1.190164566040039,0.009171871468424797,91.4000015258789,1.6410000324249268,145.53500366210938
2021-03-18,1732.199951171875,26.320999145507812,60.0,1.1982792615890503,0.009183495305478573,91.8499984741211,1.7300000190734863,145.1649932861328
2021-03-19,1741.4000244140625,26.29199981689453,61.41999816894531,1.1918240785598755,0.00918012298643589,91.91999816894531,1.7319999933242798,145.4250030517578
2021-03-22,1737.800048828125,25.740999221801758,61.54999923706055,1.1883116960525513,0.009185181930661201,91.80000305175781,1.684000015258789,145.61000061035156
2021-03-23,1724.699951171875,25.200000762939453,57.7599983215332,1.193303108215332,0.00919320434331894,92.33999633789062,1.6380000114440918,145.9550018310547
2021-03-24,1732.9000244140625,25.201000213623047,61.18000030517578,1.1840205192565918,0.009214891120791435,92.52999877929688,1.6139999628067017,146.13499450683594
2021-03-25,1724.9000244140625,25.02199935913086,58.560001373291016,1.1813069581985474,0.009192021563649178,92.87999725341797,1.6139999628067017,146.46499633789062
2021-03-26,1732.199951171875,25.091999053955078,60.970001220703125,1.1776621341705322,0.00915927067399025,92.7699966430664,1.659999966621399,146.0850067138672
2021-03-29,1712.0999755859375,24.746999740600586,61.560001373291016,1.1788004636764526,0.009108214639127254,92.94000244140625,1.7209999561309814,145.73500061035156
2021-03-30,1683.9000244140625,24.121000289916992,60.54999923706055,1.177100658416748,0.00910448282957077,93.30000305175781,1.7259999513626099,145.36500549316406
2021-03-31,1713.800048828125,24.517000198364258,59.15999984741211,1.1723604202270508,0.009065772406756878,93.2300033569336,1.746000051498413,145.53500366210938
2021-04-01,1726.5,24.934999465942383,61.45000076293945,1.1728830337524414,0.009029345586895943,92.93000030517578,1.6790000200271606,145.8249969482422
2021-04-02,1726.5,24.934999465942383,61.45000076293945,1.177994966506958,0.009040528908371925,92.93000030517578,1.6790000200271606,145.8249969482422
2021-04-05,1727.0,24.76300048828125,58.650001525878906,1.176816701889038,0.009035300463438034,92.5999984741211,1.7200000286102295,145.8249969482422
2021-04-06,1741.5,25.211999893188477,59.33000183105469,1.1818934679031372,0.009074986912310123,92.33999633789062,1.656000018119812,145.77499389648438
2021-04-07,1740.0999755859375,25.232999801635742,59.77000045776367,1.1874228715896606,0.009108048863708973,92.45999908447266,1.652999997138977,145.76499938964844
2021-04-08,1756.800048828125,25.569000244140625,59.599998474121094,1.1873664855957031,0.009103157557547092,92.05999755859375,1.6319999694824219,145.90499877929688
2021-04-09,1743.300048828125,25.31100082397461,59.31999969482422,1.1915684938430786,0.009146620519459248,92.16000366210938,1.6660000085830688,145.5399932861328
2021-04-12,1731.199951171875,24.85300064086914,59.70000076293945,1.1900511980056763,0.00911626871675253,92.13999938964844,1.6749999523162842,145.4949951171875
2021-04-13,1746.199951171875,25.41699981689453,60.18000030517578,1.1914690732955933,0.009142940863966942,91.8499984741211,1.6230000257492065,145.43499755859375
2021-04-14,1734.9000244140625,25.514999389648438,63.150001525878906,1.1954143047332764,0.009180712513625622,91.69000244140625,1.6380000114440918,145.16000366210938
2021-04-15,1765.4000244140625,25.95599937438965,63.459999084472656,1.1986095905303955,0.009183242917060852,91.66999816894531,1.5299999713897705,145.4550018310547
2021-04-16,1779.0,26.099000930786133,63.130001068115234,1.1971746683120728,0.009200562722980976,91.55999755859375,1.5729999542236328,145.14999389648438
2021-04-19,1769.4000244140625,25.83099937438965,63.380001068115234,1.1969454288482666,0.009198023937642574,91.06999969482422,1.6009999513626099,144.875
2021-04-20,1777.300048828125,25.834999084472656,62.439998626708984,1.204529047012329,0.009250865317881107,91.23999786376953,1.562000036239624,145.15499877929688
2021-04-21,1792.300048828125,26.565000534057617,61.349998474121094,1.2032392024993896,0.009247870184481144,91.16000366210938,1.5640000104904175,145.16000366210938
2021-04-22,1781.199951171875,26.173999786376953,61.43000030517578,1.2037750482559204,0.009255916811525822,91.33000183105469,1.5540000200271606,145.15499877929688
2021-04-23,1777.0,26.07699966430664,62.13999938964844,1.2014753818511963,0.009261146187782288,90.86000061035156,1.5670000314712524,145.13999938964844
2021-04-26,1779.199951171875,26.211000442504883,61.90999984741211,1.2089852094650269,0.009270073845982552,90.80999755859375,1.5700000524520874,145.125
2021-04-27,1778.0,26.41200065612793,62.939998626708984,1.2081671953201294,0.009241973049938679,90.91000366210938,1.621999979019165,145.10000610351562
2021-04-28,1773.199951171875,26.08099937438965,63.86000061035156,1.2090305089950562,0.009195402264595032,90.61000061035156,1.6200000047683716,144.88999938964844
2021-04-29,1768.0999755859375,26.05299949645996,65.01000213623047,1.213592290878296,0.00921616517007351,90.61000061035156,1.6399999856948853,144.4499969482422
2021-04-30,1767.300048828125,25.85300064086914,63.58000183105469,1.2127091884613037,0.00918239913880825,91.27999877929688,1.63100004196167,144.51499938964844
2021-05-03,1791.4000244140625,26.94300079345703,64.48999786376953,1.2027760744094849,0.009150554426014423,90.94999694824219,1.6069999933242798,144.51499938964844
2021-05-04,1775.800048828125,26.538999557495117,65.69000244140625,1.2061271667480469,0.00916699506342411,91.29000091552734,1.5920000076293945,144.9199981689453
2021-05-05,1784.0999755859375,26.50200080871582,65.62999725341797,1.2015043497085571,0.009146703407168388,91.30999755859375,1.5839999914169312,144.82000732421875
2021-05-06,1815.5,27.461999893188477,64.70999908447266,1.2007973194122314,0.009155916050076485,90.94999694824219,1.5609999895095825,144.7949981689453
2021-05-07,1831.0999755859375,27.461999893188477,64.9000015258789,1.2068549394607544,0.009170104749500751,90.2300033569336,1.5770000219345093,144.6199951171875
2021-05-10,1837.5,27.479000091552734,64.91999816894531,1.2171076536178589,0.009210477583110332,90.20999908447266,1.6019999980926514,144.5399932861328
2021-05-11,1835.9000244140625,27.656999588012695,65.27999877929688,1.2140932083129883,0.009187460877001286,90.13999938964844,1.6239999532699585,143.97999572753906
2021-05-12,1822.5999755859375,27.231000900268555,66.08000183105469,1.2144500017166138,0.009198362939059734,90.70999908447266,1.6950000524520874,143.6300048828125
2021-05-13,1823.800048828125,27.04400062561035,63.81999969482422,1.2078505754470825,0.00911876279860735,90.75,1.6679999828338623,143.55499267578125
2021-05-14,1837.9000244140625,27.35300064086914,65.37000274658203,1.207729458808899,0.009131086058914661,90.31999969482422,1.6349999904632568,143.6300048828125
2021-05-17,1867.5,28.260000228881836,66.2699966430664,1.2150373458862305,0.009139765053987503,90.22000122070312,1.6399999856948853,143.52000427246094
2021-05-18,1867.800048828125,28.31399917602539,65.48999786376953,1.2156872749328613,0.00915398821234703,89.75,1.6419999599456787,143.4199981689453
2021-05-19,1881.300048828125,28.007999420166016,63.36000061035156,1.2223997116088867,0.009185436181724072,90.19000244140625,1.6829999685287476,143.50999450683594
2021-05-20,1881.800048828125,28.052000045776367,62.04999923706055,1.217285394668579,0.009151391685009003,89.80999755859375,1.6339999437332153,143.5050048828125
2021-05-21,1876.699951171875,27.472999572753906,63.58000183105469,1.222538709640503,0.009186110459268093,90.0199966430664,1.6319999694824219,143.69500732421875
2021-05-24,1884.5999755859375,27.886999130249023,66.05000305175781,1.2183235883712769,0.009181134402751923,89.83000183105469,1.6080000400543213,143.69500732421875
2021-05-25,1898.0999755859375,28.03700065612793,66.06999969482422,1.2214635610580444,0.00918687041848898,89.63999938964844,1.5640000104904175,144.0449981689453
2021-05-26,1901.300048828125,27.85300064086914,66.20999908447266,1.2249093055725098,0.009191007353365421,90.04000091552734,1.5740000009536743,144.47000122070312
2021-05-27,1895.699951171875,27.91900062561035,66.8499984741211,1.21925950050354,0.009160025976598263,89.97000122070312,1.6100000143051147,144.11000061035156
2021-05-28,1902.5,27.993000030517578,66.31999969482422,1.2193188667297363,0.009106721729040146,90.02999877929688,1.5809999704360962,144.2100067138672
2021-05-31,1902.5,27.993000030517578,66.31999969482422,1.2190067768096924,0.009098601527512074,90.02999877929688,1.5809999704360962,144.27999877929688
2021-06-01,1902.9000244140625,28.08300018310547,67.72000122070312,1.223286509513855,0.00913300458341837,89.83000183105469,1.6150000095367432,144.14500427246094
2021-06-02,1907.5,28.18600082397461,68.83000183105469,1.2217769622802734,0.00913300458341837,89.9000015258789,1.590999960899353,144.35499572753906
2021-06-03,1871.199951171875,27.459999084472656,68.80999755859375,1.220986247062683,0.00912450347095728,90.5,1.625,144.23500061035156
2021-06-04,1889.800048828125,27.878999710083008,69.62000274658203,1.2133007049560547,0.009068978950381279,90.13999938964844,1.559999942779541,144.5
2021-06-07,1896.800048828125,28.000999450683594,69.2300033569336,1.2168411016464233,0.009122672490775585,89.94999694824219,1.569000005722046,144.4149932861328
2021-06-08,1892.199951171875,27.71500015258789,70.05000305175781,1.2193634510040283,0.009151307865977287,90.08000183105469,1.527999997138977,144.69000244140625
2021-06-09,1893.199951171875,27.985000610351562,69.95999908447266,1.217285394668579,0.009135005995631218,90.12000274658203,1.4889999628067017,144.9250030517578
2021-06-10,1894.199951171875,28.014999389648438,70.29000091552734,1.218200445175171,0.009123255498707294,90.08000183105469,1.4589999914169312,144.9199981689453
2021-06-11,1877.4000244140625,28.131000518798828,70.91000366210938,1.2172558307647705,0.00914001651108265,90.55999755859375,1.4620000123977661,145.14999389648438
2021-06-14,1864.0,28.02400016784668,70.87999725341797,1.2110203504562378,0.009115022607147694,90.5199966430664,1.5010000467300415,144.96499633789062
2021-06-15,1854.5,27.679000854492188,72.12000274658203,1.212224006652832,0.009087521582841873,90.54000091552734,1.4989999532699585,144.76499938964844
2021-06-16,1859.5,27.799999237060547,72.1500015258789,1.2127091884613037,0.009083972312510014,91.12999725341797,1.569000005722046,144.9250030517578
2021-06-17,1773.800048828125,25.8439998626709,71.04000091552734,1.1995586156845093,0.009027715772390366,91.88999938964844,1.5110000371932983,144.9250030517578
2021-06-18,1767.9000244140625,25.95800018310547,71.63999938964844,1.1913414001464844,0.009064128622412682,92.2300033569336,1.4500000476837158,145.22500610351562
2021-06-21,1781.800048828125,26.014999389648438,73.66000366210938,1.1873664855957031,0.00907432846724987,91.86000061035156,1.4839999675750732,144.7050018310547
2021-06-22,1776.300048828125,25.847999572753906,73.05999755859375,1.1912561655044556,0.009060104377567768,91.7300033569336,1.472000002861023,144.55999755859375
2021-06-23,1782.300048828125,26.107999801635742,73.08000183105469,1.1936734914779663,0.009037178941071033,91.80000305175781,1.4869999885559082,144.71499633789062
2021-06-24,1775.5999755859375,26.047000885009766,73.30000305175781,1.1933174133300781,0.009008035063743591,91.81999969482422,1.4869999885559082,144.72500610351562
2021-06-25,1776.5999755859375,26.082000732421875,74.05000305175781,1.1930327415466309,0.00901542603969574,91.80999755859375,1.5360000133514404,144.38999938964844
2021-06-28,1779.5999755859375,26.218000411987305,72.91000366210938,1.1942152976989746,0.00902347918599844,91.87999725341797,1.4780000448226929,144.68499755859375
2021-06-29,1762.800048828125,25.871999740600586,72.9800033569336,1.1928904056549072,0.009041346609592438,92.05000305175781,1.4800000190734863,144.5399932861328
2021-06-30,1770.800048828125,26.165000915527344,73.47000122070312,1.1901928186416626,0.009046907536685467,92.44000244140625,1.4429999589920044,144.93499755859375
2021-07-01,1775.9000244140625,26.075000762939453,75.2300033569336,1.1856770515441895,0.00899895653128624,92.5999984741211,1.4800000190734863,144.8350067138672
2021-07-02,1782.5999755859375,26.481000900268555,75.16000366210938,1.1846235990524292,0.008962822146713734,92.2300033569336,1.430999994277954,145.16000366210938
2021-07-05,1782.5999755859375,26.481000900268555,75.16000366210938,1.1856207847595215,0.008998065255582333,92.2300033569336,1.430999994277954,144.89500427246094
2021-07-06,1793.5,26.15399932861328,73.37000274658203,1.186380386352539,0.009015832096338272,92.55000305175781,1.3700000047683716,145.61000061035156
2021-07-07,1801.5,26.110000610351562,72.19999694824219,1.1824523210525513,0.00904142763465643,92.63999938964844,1.3209999799728394,145.83999633789062
2021-07-08,1799.5999755859375,25.966999053955078,72.94000244140625,1.17933988571167,0.009038730524480343,92.36000061035156,1.2879999876022339,146.11000061035156
2021-07-09,1810.0,26.211000442504883,74.55999755859375,1.184800386428833,0.009107384830713272,92.12999725341797,1.3559999465942383,145.85000610351562
2021-07-12,1805.5,26.216999053955078,74.0999984741211,1.187295913696289,0.009073175489902496,92.2300033569336,1.3630000352859497,145.89500427246094
2021-07-13,1809.4000244140625,26.114999771118164,75.25,1.186521053314209,0.009064128622412682,92.75,1.4149999618530273,145.88499450683594
2021-07-14,1824.300048828125,26.246000289916992,73.12999725341797,1.1775373220443726,0.009042000398039818,92.41000366210938,1.3559999465942383,146.0749969482422
2021-07-15,1828.4000244140625,26.375,71.6500015258789,1.1833338737487793,0.009092231281101704,92.62000274658203,1.2970000505447388,146.2899932861328
2021-07-16,1814.5,25.777000427246094,71.80999755859375,1.1811814308166504,0.00910929311066866,92.69000244140625,1.2999999523162842,146.52499389648438
2021-07-19,1808.699951171875,25.125999450683594,66.41999816894531,1.1814005374908447,0.009101334027945995,92.88999938964844,1.180999994277954,146.97000122070312
2021-07-20,1810.9000244140625,24.976999282836914,67.41999816894531,1.1793843507766724,0.009129585698246956,92.97000122070312,1.2089999914169312,147.35499572753906
2021-07-21,1802.9000244140625,25.238000869750977,70.30000305175781,1.1784114837646484,0.009097525849938393,92.75,1.2799999713897705,147.0749969482422
2021-07-22,1805.0,25.364999771118164,71.91000366210938,1.179273009300232,0.00906988326460123,92.81999969482422,1.2649999856948853,147.32000732421875
2021-07-23,1801.4000244140625,25.218000411987305,72.06999969482422,1.1772738695144653,0.009079353883862495,92.91000366210938,1.2860000133514404,147.27999877929688
2021-07-26,1798.699951171875,25.295000076293945,71.91000366210938,1.1773432493209839,0.00904617179185152,92.6500015258789,1.2760000228881836,147.27999877929688
2021-07-27,1799.5,24.631999969482422,71.6500015258789,1.1807769536972046,0.009066018275916576,92.43000030517578,1.2339999675750732,147.5850067138672
2021-07-28,1799.5,24.856000900268555,72.38999938964844,1.1823126077651978,0.009106970392167568,92.31999969482422,1.2610000371932983,147.625
2021-07-29,1831.199951171875,25.763999938964844,73.62000274658203,1.1845955848693848,0.009099926799535751,91.86000061035156,1.2690000534057617,147.65499877929688
2021-07-30,1812.5999755859375,25.527999877929688,73.94999694824219,1.1892997026443481,0.00914001651108265,92.16999816894531,1.2389999628067017,147.7449951171875
2021-08-02,1818.0999755859375,25.55699920654297,71.26000213623047,1.186704158782959,0.009115271270275116,92.05000305175781,1.1740000247955322,148.0
2021-08-03,1810.0999755859375,25.56599998474121,70.55999755859375,1.1874650716781616,0.009151726961135864,92.08000183105469,1.1759999990463257,148.05499267578125
2021-08-04,1810.5,25.445999145507812,68.1500015258789,1.1869436502456665,0.009175069630146027,92.2699966430664,1.184000015258789,148.27499389648438
2021-08-05,1805.0999755859375,25.277000427246094,69.08999633789062,1.1837401390075684,0.009130001999437809,92.23999786376953,1.2170000076293945,148.31500244140625
2021-08-06,1760.0,24.312000274658203,68.27999877929688,1.1835720539093018,0.009111450985074043,92.80000305175781,1.2899999618530273,147.8300018310547
2021-08-09,1723.4000244140625,23.2549991607666,66.4800033569336,1.1749500036239624,0.009069554507732391,92.94999694824219,1.3170000314712524,147.89500427246094
2021-08-10,1728.800048828125,23.37700080871582,68.29000091552734,1.17384672164917,0.009065690450370312,93.05999755859375,1.3420000076293945,147.875
2021-08-11,1750.4000244140625,23.474000930786133,69.25,1.172333002090454,0.00904175452888012,92.91000366210938,1.3289999961853027,147.85499572753906
2021-08-12,1749.0,23.104999542236328,69.08999633789062,1.1741899251937866,0.009060104377567768,93.04000091552734,1.3669999837875366,147.9199981689453
2021-08-13,1775.199951171875,23.76799964904785,68.44000244140625,1.173626184463501,0.009057724848389626,92.5199966430664,1.2970000505447388,147.96499633789062
2021-08-16,1786.9000244140625,23.780000686645508,67.29000091552734,1.179467797279358,0.00912209041416645,92.62999725341797,1.2569999694824219,147.9550018310547
2021-08-17,1785.0,23.648000717163086,66.58999633789062,1.177994966506958,0.009149381890892982,93.12999725341797,1.2580000162124634,148.0050048828125
2021-08-18,1781.5999755859375,23.41200065612793,65.45999908447266,1.1709738969802856,0.009129335172474384,93.13999938964844,1.2730000019073486,148.11500549316406
2021-08-19,1780.199951171875,23.219999313354492,63.689998626708984,1.1703298091888428,0.009103985503315926,93.56999969482422,1.2419999837875366,148.25
2021-08-20,1781.0,23.104999542236328,62.31999969482422,1.1676595211029053,0.009110122919082642,93.5,1.2599999904632568,148.3000030517578
2021-08-23,1803.199951171875,23.64900016784668,65.63999938964844,1.1697548627853394,0.009104152210056782,92.95999908447266,1.2549999952316284,148.05499267578125
2021-08-24,1805.5999755859375,23.889999389648438,67.54000091552734,1.1744533777236938,0.00911759864538908,92.88999938964844,1.2899999618530273,148.0749969482422
2021-08-25,1788.199951171875,23.770999908447266,68.36000061035156,1.175309181213379,0.009113277308642864,92.83000183105469,1.3420000076293945,147.30999755859375
2021-08-26,1792.199951171875,23.54599952697754,67.41999816894531,1.1774401664733887,0.009092893451452255,93.05999755859375,1.3420000076293945,147.2899932861328
2021-08-27,1816.5999755859375,24.059999465942383,68.73999786376953,1.1756407022476196,0.009086944162845612,92.69000244140625,1.312000036239624,147.25
2021-08-30,1809.0,23.959999084472656,69.20999908447266,1.1799006462097168,0.009102080017328262,92.6500015258789,1.284999966621399,147.47999572753906
2021-08-31,1815.0,23.959999084472656,68.5,1.1796904802322388,0.009095539338886738,92.62999725341797,1.3040000200271606,146.85000610351562
2021-09-01,1813.0999755859375,24.177000045776367,68.58999633789062,1.1810280084609985,0.009086282923817635,92.44999694824219,1.3020000457763672,146.6750030517578
2021-09-02,1808.699951171875,23.875,69.98999786376953,1.1840906143188477,0.009082982316613197,92.2300033569336,1.2940000295639038,146.75
2021-09-03,1830.9000244140625,24.761999130249023,69.29000091552734,1.1876484155654907,0.009095456451177597,92.04000091552734,1.3220000267028809,146.4499969482422
2021-09-06,1830.9000244140625,24.761999130249023,69.29000091552734,1.1885942220687866,0.00911045540124178,92.04000091552734,1.3220000267028809,146.52000427246094
2021-09-07,1795.9000244140625,24.333999633789062,68.3499984741211,1.1875073909759521,0.009105809964239597,92.5199966430664,1.3700000047683716,145.94500732421875
2021-09-08,1790.699951171875,24.011999130249023,69.30000305175781,1.184356927871704,0.009066511876881123,92.6500015258789,1.3339999914169312,146.0800018310547
2021-09-09,1797.4000244140625,24.132999420166016,68.13999938964844,1.1819101572036743,0.009072927758097649,92.4800033569336,1.2990000247955322,146.49000549316406
2021-09-10,1789.5999755859375,23.854999542236328,69.72000122070312,1.1825922727584839,0.009109044447541237,92.58000183105469,1.340999960899353,146.14500427246094
2021-09-13,1792.0,23.753000259399414,70.44999694824219,1.1811953783035278,0.009097939357161522,92.62000274658203,1.3240000009536743,146.10000610351562
2021-09-14,1804.699951171875,23.841999053955078,70.45999908447266,1.1811953783035278,0.009091404266655445,92.6500015258789,1.2769999504089355,146.21499633789062
2021-09-15,1792.4000244140625,23.759000778198242,72.61000061035156,1.1804981231689453,0.009114191867411137,92.48999786376953,1.3040000200271606,145.8699951171875
2021-09-16,1754.5999755859375,22.75200080871582,72.61000061035156,1.1819995641708374,0.009142188355326653,92.86000061035156,1.3309999704360962,145.80499267578125
2021-09-17,1749.4000244140625,22.295000076293945,71.97000122070312,1.176747441291809,0.00911585334688425,93.19999694824219,1.3700000047683716,145.5449981689453
2021-09-20,1761.800048828125,22.163000106811523,70.29000091552734,1.1729930639266968,0.00909330602735281,93.23999786376953,1.309000015258789,145.97000122070312
2021-09-21,1776.0,22.572999954223633,70.55999755859375,1.1730204820632935,0.00913767796009779,93.19999694824219,1.3240000009536743,146.06500244140625
2021-09-22,1776.699951171875,22.868999481201172,72.2300033569336,1.17229163646698,0.009161788038909435,93.45999908447266,1.3359999656677246,146.05499267578125
2021-09-23,1747.699951171875,22.642000198364258,73.30000305175781,1.168770432472229,0.009105644188821316,93.0999984741211,1.409999966621399,145.3350067138672
2021-09-24,1749.699951171875,22.38800048828125,73.9800033569336,1.1740258932113647,0.009064046666026115,93.33000183105469,1.4600000381469727,144.93499755859375
2021-09-27,1750.0,22.656999588012695,75.44999694824219,1.1723054647445679,0.009028203785419464,93.37999725341797,1.4839999675750732,144.9949951171875
2021-09-28,1735.800048828125,22.43000030517578,75.29000091552734,1.1696795225143433,0.009011931717395782,93.7699966430664,1.534000039100647,144.8300018310547
2021-09-29,1721.5,21.458999633789062,74.83000183105469,1.1686338186264038,0.008966358378529549,94.33999633789062,1.5410000085830688,144.9550018310547
2021-09-30,1755.300048828125,22.020999908447266,75.02999877929688,1.1601601839065552,0.008933676406741142,94.25,1.5290000438690186,144.69500732421875
2021-10-01,1757.0,22.510000228881836,75.87999725341797,1.1574475765228271,0.008971747942268848,94.04000091552734,1.4789999723434448,144.94500732421875
2021-10-04,1766.199951171875,22.618000030517578,77.62000274658203,1.160725712776184,0.009013312868773937,93.80999755859375,1.4809999465942383,144.9499969482422
2021-10-05,1759.5999755859375,22.582000732421875,78.93000030517578,1.1618449687957764,0.009011606685817242,93.9800033569336,1.5290000438690186,144.6199951171875
2021-10-06,1760.5,22.506000518798828,77.43000030517578,1.1596084833145142,0.008969655260443687,94.2699966430664,1.5240000486373901,144.5749969482422
2021-10-07,1757.9000244140625,22.631999969482422,78.30000305175781,1.1555349826812744,0.008975612930953503,94.22000122070312,1.5709999799728394,144.5500030517578
2021-10-08,1756.300048828125,22.679000854492188,79.3499984741211,1.1559758186340332,0.008955597877502441,94.06999969482422,1.6050000190734863,144.1699981689453
2021-10-11,1754.5999755859375,22.639999389648438,80.5199966430664,1.1566041707992554,0.00890709925442934,94.31999969482422,1.6139999628067017,143.875
2021-10-12,1758.300048828125,22.490999221801758,80.63999938964844,1.1553747653961182,0.0088192755356431,94.5199966430664,1.5800000429153442,143.65499877929688
2021-10-13,1793.699951171875,23.14900016784668,80.44000244140625,1.15340256690979,0.008809098042547703,94.08000183105469,1.5490000247955322,144.1999969482422
2021-10-14,1796.699951171875,23.45599937438965,81.30999755859375,1.1599582433700562,0.00882604718208313,93.95999908447266,1.5190000534057617,144.82000732421875
2021-10-15,1767.199951171875,23.327999114990234,82.27999877929688,1.159151554107666,0.008784721605479717,93.94000244140625,1.5759999752044678,144.6750030517578
2021-10-18,1764.800048828125,23.243000030517578,82.44000244140625,1.1597026586532593,0.008747070096433163,93.94999694824219,1.5839999914169312,144.63999938964844
2021-10-19,1769.699951171875,23.86199951171875,82.95999908447266,1.161386251449585,0.00875005405396223,93.79000091552734,1.6349999904632568,144.22000122070312
2021-10-20,1784.0999755859375,24.423999786376953,83.87000274658203,1.1631964445114136,0.008730345405638218,93.55999755859375,1.6360000371932983,144.30499267578125
2021-10-21,1781.199951171875,24.149999618530273,82.5,1.1655012369155884,0.00874209962785244,93.7699966430664,1.6759999990463257,144.14999389648438
2021-10-22,1795.5,24.429000854492188,83.76000213623047,1.1625338792800903,0.008783487603068352,93.61000061035156,1.6549999713897705,144.25999450683594
2021-10-25,1806.0,24.57200050354004,83.76000213623047,1.1640088558197021,0.008797860704362392,93.80999755859375,1.6349999904632568,144.375
2021-10-26,1792.699951171875,24.086000442504883,84.6500015258789,1.161170482635498,0.008790049701929092,93.94999694824219,1.61899995803833,144.4949951171875
2021-10-27,1797.9000244140625,24.18899917602539,82.66000366210938,1.1598236560821533,0.008757486939430237,93.86000061035156,1.5290000438690186,145.19500732421875
2021-10-28,1801.5999755859375,24.117000579833984,82.80999755859375,1.1600120067596436,0.008789199404418468,93.3499984741211,1.5679999589920044,145.0850067138672
2021-10-29,1783.0,23.94499969482422,83.56999969482422,1.1683608293533325,0.008801577612757683,94.12000274658203,1.5570000410079956,144.83999633789062
2021-11-01,1795.0999755859375,24.06399917602539,84.05000305175781,1.1556684970855713,0.008753808215260506,93.87999725341797,1.5750000476837158,144.78500366210938
2021-11-02,1788.699951171875,23.5,83.91000366210938,1.1599582433700562,0.008764702826738358,94.08999633789062,1.5490000247955322,145.11000061035156
2021-11-03,1763.5999755859375,23.22599983215332,80.86000061035156,1.1579434871673584,0.008774855174124241,93.86000061035156,1.5789999961853027,145.2949981689453
2021-11-04,1793.0,23.9060001373291,78.80999755859375,1.1615750789642334,0.008766546845436096,94.3499984741211,1.5240000486373901,145.65499877929688
2021-11-05,1816.4000244140625,24.152000427246094,81.2699966430664,1.1555349826812744,0.008784490637481213,94.31999969482422,1.4529999494552612,146.47000122070312
2021-11-08,1827.4000244140625,24.53700065612793,81.93000030517578,1.1568851470947266,0.008812514133751392,94.05000305175781,1.496999979019165,146.05999755859375
2021-11-09,1830.199951171875,24.312999725341797,84.1500015258789,1.159151554107666,0.008829710073769093,93.95999908447266,1.4320000410079956,146.9199981689453
2021-11-10,1847.5999755859375,24.767000198364258,81.33999633789062,1.1595547199249268,0.00885645393282175,94.8499984741211,1.559999942779541,146.38999938964844
2021-11-11,1863.199951171875,25.301000595092773,81.58999633789062,1.148593544960022,0.008779246360063553,95.18000030517578,1.559999942779541,146.17999267578125
2021-11-12,1867.9000244140625,25.3439998626709,80.79000091552734,1.145081877708435,0.008768622763454914,95.12999725341797,1.5820000171661377,146.4499969482422
2021-11-15,1866.0999755859375,25.10700035095215,80.87999725341797,1.144164800643921,0.00877339206635952,95.41000366210938,1.6230000257492065,146.22999572753906
2021-11-16,1853.5999755859375,24.944000244140625,80.76000213623047,1.1366478204727173,0.008761784061789513,95.91999816894531,1.6339999437332153,146.2449951171875
2021-11-17,1869.699951171875,25.16699981689453,78.36000061035156,1.1321182250976562,0.008702917024493217,95.83000183105469,1.6039999723434448,146.26499938964844
2021-11-18,1861.0,24.900999069213867,79.01000213623047,1.1321182250976562,0.008757334202528,95.54000091552734,1.5889999866485596,146.72500610351562
2021-11-19,1851.199951171875,24.780000686645508,76.0999984741211,1.1368415355682373,0.008750285021960735,96.06999969482422,1.5360000133514404,147.36500549316406
2021-11-22,1806.0,24.297000885009766,76.75,1.1275737285614014,0.008761323988437653,96.5,1.625,146.85000610351562
2021-11-23,1783.5,23.434999465942383,78.5,1.12421452999115,0.008711560629308224,96.48999786376953,1.6670000553131104,146.2100067138672
2021-11-24,1784.0999755859375,23.496000289916992,78.38999938964844,1.1244926452636719,0.008685003966093063,96.83999633789062,1.6449999809265137,146.02999877929688
2021-11-25,1784.0999755859375,23.496000289916992,78.38999938964844,1.1202975511550903,0.008664910681545734,96.83999633789062,1.6449999809265137,146.26499938964844
2021-11-26,1785.300048828125,23.10700035095215,68.1500015258789,1.1209630966186523,0.008690438233315945,96.08999633789062,1.4819999933242798,147.2550048828125
2021-11-29,1782.300048828125,22.798999786376953,69.94999694824219,1.1293182373046875,0.008793605491518974,96.33999633789062,1.5299999713897705,147.10000610351562
2021-11-30,1773.5999755859375,22.764999389648438,66.18000030517578,1.1293437480926514,0.008787036873400211,95.98999786376953,1.4429999589920044,147.49000549316406
2021-12-01,1781.5999755859375,22.298999786376953,65.56999969482422,1.1330289840698242,0.00882620271295309,96.05000305175781,1.434000015258789,147.28500366210938
2021-12-02,1760.699951171875,22.280000686645508,66.5,1.1319515705108643,0.008858808316290379,96.12999725341797,1.4479999542236328,147.73500061035156
2021-12-03,1782.0,22.44499969482422,66.26000213623047,1.1306205987930298,0.008847834542393684,96.12000274658203,1.343000054359436,147.82000732421875
2021-12-06,1777.5,22.22800064086914,69.48999786376953,1.1304799318313599,0.00884626992046833,96.29000091552734,1.434000015258789,147.78500366210938
2021-12-07,1782.5999755859375,22.48699951171875,72.05000305175781,1.128668189048767,0.008813833817839622,96.37000274658203,1.4800000190734863,147.8249969482422
2021-12-08,1783.4000244140625,22.389999389648438,72.36000061035156,1.1276500225067139,0.008808632381260395,95.88999938964844,1.5089999437332153,146.92999267578125
2021-12-09,1774.5999755859375,21.974000930786133,70.94000244140625,1.1345586776733398,0.008796312846243382,96.2699966430664,1.4869999885559082,147.26499938964844
2021-12-10,1782.9000244140625,22.15999984741211,71.66999816894531,1.1293309926986694,0.008814611472189426,96.05000305175781,1.4889999628067017,147.23500061035156
2021-12-13,1786.300048828125,22.290000915527344,71.29000091552734,1.131183385848999,0.008810495026409626,96.31999969482422,1.4240000247955322,147.61000061035156
2021-12-14,1770.4000244140625,21.886999130249023,70.7300033569336,1.1285407543182373,0.008804598823189735,96.56999969482422,1.437999963760376,147.36000061035156
2021-12-15,1762.5999755859375,21.507999420166016,70.87000274658203,1.1261261701583862,0.00879175029695034,96.51000213623047,1.4630000591278076,147.32000732421875
2021-12-16,1796.5999755859375,22.454999923706055,72.37999725341797,1.1290758848190308,0.008761477656662464,96.04000091552734,1.4220000505447388,147.02000427246094
2021-12-17,1803.800048828125,22.506999969482422,70.86000061035156,1.1334141492843628,0.008797938004136086,96.56999969482422,1.4019999504089355,147.38999938964844
2021-12-20,1793.699951171875,22.274999618530273,68.2300033569336,1.1243535280227661,0.00880917627364397,96.55000305175781,1.4190000295639038,147.1699981689453
2021-12-21,1787.9000244140625,22.50200080871582,71.12000274658203,1.1277517080307007,0.008798015303909779,96.48999786376953,1.4869999885559082,146.40499877929688
2021-12-22,1801.5999755859375,22.79199981689453,72.76000213623047,1.128757357597351,0.008772390894591808,96.08000183105469,1.4570000171661377,146.33999633789062
2021-12-23,1811.199951171875,22.930999755859375,73.79000091552734,1.1328877210617065,0.008762628771364689,96.0199966430664,1.4930000305175781,145.78500366210938
2021-12-24,1811.199951171875,22.930999755859375,73.79000091552734,1.132733702659607,0.008736829273402691,96.0199966430664,1.4930000305175781,145.78500366210938
2021-12-27,1808.0999755859375,22.979000091552734,75.56999969482422,1.1324259042739868,0.008746380917727947,96.08999633789062,1.4809999465942383,145.7949981689453
2021-12-28,1810.199951171875,23.111000061035156,75.9800033569336,1.1330032348632812,0.008711408823728561,96.19999694824219,1.4809999465942383,145.73500061035156
2021-12-29,1805.0999755859375,22.847999572753906,76.55999755859375,1.1314777135849,0.008712850511074066,95.93000030517578,1.5429999828338623,145.05499267578125
2021-12-30,1812.699951171875,23.027999877929688,76.98999786376953,1.1360150575637817,0.008699585683643818,95.97000122070312,1.5149999856948853,145.31500244140625
2021-12-31,1827.5,23.327999114990234,75.20999908447266,1.132502794265747,0.008690890856087208,95.66999816894531,1.5119999647140503,145.31500244140625
2022-01-03,1799.4000244140625,22.790000915527344,76.08000183105469,1.1373459100723267,0.00868492852896452,96.23999786376953,1.628000020980835,144.3249969482422
2022-01-04,1814.0,23.038000106811523,76.98999786376953,1.1302244663238525,0.008670921437442303,96.29000091552734,1.6679999828338623,144.41000366210938
2022-01-05,1824.5999755859375,23.149999618530273,77.8499984741211,1.1283625364303589,0.008607777766883373,96.19000244140625,1.7050000429153442,144.30499267578125
2022-01-06,1788.699951171875,22.173999786376953,79.45999908447266,1.1313496828079224,0.00861118733882904,96.25,1.7330000400543213,144.15499877929688
2022-01-07,1797.0,22.393999099731445,78.9000015258789,1.1296881437301636,0.00863073393702507,95.73999786376953,1.7710000276565552,143.85000610351562
2022-01-10,1798.4000244140625,22.445999145507812,78.2300033569336,1.1353960037231445,0.008649172261357307,95.98999786376953,1.7799999713897705,143.80999755859375
2022-01-11,1818.5999755859375,22.805999755859375,81.22000122070312,1.1330417394638062,0.0086746821179986,95.62000274658203,1.746000051498413,143.8350067138672
2022-01-12,1827.199951171875,23.200000762939453,82.63999938964844,1.1366478204727173,0.008670695126056671,95.0,1.725000023841858,144.10000610351562
2022-01-13,1821.199951171875,23.155000686645508,82.12000274658203,1.144164800643921,0.008720296435058117,94.79000091552734,1.7109999656677246,144.4550018310547
2022-01-14,1816.5,22.910999298095703,83.81999969482422,1.1457115411758423,0.008762859739363194,95.16999816894531,1.7719999551773071,144.05999755859375
2022-01-17,1816.5,22.910999298095703,83.81999969482422,1.1410704851150513,0.008748447522521019,95.16999816894531,1.7719999551773071,143.8249969482422
2022-01-18,1812.300048828125,23.48699951171875,85.43000030517578,1.1410574913024902,0.008728212676942348,95.7300033569336,1.8650000095367432,143.72500610351562
2022-01-19,1843.0999755859375,24.22599983215332,86.95999908447266,1.1329647302627563,0.008729507215321064,95.51000213623047,1.8270000219345093,143.6699981689453
2022-01-20,1842.5,24.711000442504883,86.9000015258789,1.1343399286270142,0.00874530989676714,95.73999786376953,1.8329999446868896,143.80499267578125
2022-01-21,1831.800048828125,24.31399917602539,85.13999938964844,1.1313753128051758,0.008772469125688076,95.63999938964844,1.746999979019165,144.23500061035156
2022-01-24,1841.699951171875,23.795000076293945,83.30999755859375,1.1341469287872314,0.008788504637777805,95.91999816894531,1.7350000143051147,144.6649932861328
2022-01-25,1852.699951171875,23.895999908447266,85.5999984741211,1.1324130296707153,0.008771083317697048,95.94999694824219,1.7829999923706055,144.4199981689453
2022-01-26,1829.9000244140625,23.80699920654297,87.3499984741211,1.130454421043396,0.008781558834016323,96.48999786376953,1.8480000495910645,144.2949981689453
2022-01-27,1793.300048828125,22.67300033569336,86.61000061035156,1.1243535280227661,0.00871680025011301,97.26000213623047,1.8070000410079956,144.1750030517578
2022-01-28,1784.9000244140625,22.302000045776367,86.81999969482422,1.1147029399871826,0.008669117465615273,97.2699966430664,1.781999945640564,144.02999877929688
2022-01-31,1795.0,22.395000457763672,88.1500015258789,1.1152374744415283,0.008675886318087578,96.54000091552734,1.781999945640564,143.38999938964844
2022-02-01,1800.300048828125,22.59600067138672,88.19999694824219,1.12296462059021,0.00868651270866394,96.38999938964844,1.7999999523162842,143.05999755859375
2022-02-02,1809.199951171875,22.711000442504883,88.26000213623047,1.1273956298828125,0.008715660311281681,95.94000244140625,1.7660000324249268,143.15499877929688
2022-02-03,1803.0,22.375,90.2699966430664,1.1299946308135986,0.00874263420701027,95.37999725341797,1.8270000219345093,142.02999877929688
2022-02-04,1806.5999755859375,22.475000381469727,92.30999755859375,1.14357590675354,0.008698904886841774,95.4800033569336,1.9299999475479126,141.52999877929688
2022-02-07,1820.5999755859375,23.076000213623047,91.31999969482422,1.145514726638794,0.008678747341036797,95.4000015258789,1.9160000085830688,141.2100067138672
2022-02-08,1826.5999755859375,23.19499969482422,89.36000061035156,1.1442956924438477,0.008690890856087208,95.63999938964844,1.9539999961853027,140.61500549316406
2022-02-09,1835.199951171875,23.336000442504883,89.66000366210938,1.142126202583313,0.008655685931444168,95.48999786376953,1.9290000200271606,141.10000610351562
2022-02-10,1836.199951171875,23.518999099731445,89.87999725341797,1.142152190208435,0.008650369942188263,95.55000305175781,2.0309998989105225,140.40499877929688
2022-02-11,1840.800048828125,23.365999221801758,93.0999984741211,1.1415525674819946,0.008617198094725609,96.08000183105469,1.9550000429153442,140.3699951171875
2022-02-14,1868.0,23.844999313354492,95.45999908447266,1.1365057229995728,0.008651716634631157,96.37000274658203,1.996000051498413,140.53500366210938
2022-02-15,1854.800048828125,23.33799934387207,92.06999969482422,1.1306334733963013,0.008655310608446598,95.98999786376953,2.0450000762939453,140.06500244140625
2022-02-16,1870.199951171875,23.60099983215332,93.66000366210938,1.1356796026229858,0.008647901006042957,95.69999694824219,2.046999931335449,140.3249969482422
2022-02-17,1900.699951171875,23.874000549316406,91.76000213623047,1.1375269889831543,0.008666487410664558,95.80000305175781,1.972000002861023,140.78500366210938
2022-02-18,1898.5999755859375,23.990999221801758,91.06999969482422,1.1366478204727173,0.008705796673893929,96.04000091552734,1.9320000410079956,141.16000366210938
2022-02-21,1898.5999755859375,23.990999221801758,91.06999969482422,1.131721019744873,0.008698602207005024,96.04000091552734,1.9320000410079956,141.14500427246094
2022-02-22,1906.0999755859375,24.31100082397461,92.3499984741211,1.1309658288955688,0.008725318126380444,96.02999877929688,1.9479999542236328,140.72999572753906
2022-02-23,1909.199951171875,24.55500030517578,92.0999984741211,1.13291335105896,0.008688399568200111,96.19000244140625,1.9769999980926514,140.9600067138672
2022-02-24,1925.0999755859375,24.68600082397461,92.80999755859375,1.1305694580078125,0.00870337150990963,97.13999938964844,1.968999981880188,141.42999267578125
2022-02-25,1886.5,23.996999740600586,91.58999633789062,1.11906898021698,0.00865268986672163,96.62000274658203,1.9859999418258667,140.85499572753906
2022-02-28,1899.4000244140625,24.361000061035156,95.72000122070312,1.118105411529541,0.008651642128825188,96.70999908447266,1.8389999866485596,141.75
2022-03-01,1942.4000244140625,25.534000396728516,103.41000366210938,1.1215918064117432,0.008689758367836475,97.41000366210938,1.7070000171661377,144.0449981689453
2022-03-02,1920.9000244140625,25.183000564575195,110.5999984741211,1.1132758855819702,0.008708298206329346,97.38999938964844,1.8650000095367432,143.22500610351562
2022-03-03,1934.4000244140625,25.204999923706055,107.66999816894531,1.1112345457077026,0.008656584657728672,97.79000091552734,1.843999981880188,143.3000030517578
2022-03-04,1965.0999755859375,25.781999588012695,115.68000030517578,1.1066844463348389,0.00865995790809393,98.6500015258789,1.7239999771118164,144.93499755859375
2022-03-07,1993.9000244140625,25.71299934387207,119.4000015258789,1.087453007698059,0.00869943480938673,99.29000091552734,1.7510000467300415,144.11000061035156
2022-03-08,2040.0999755859375,26.88800048828125,123.69999694824219,1.0865312814712524,0.0086675388738513,99.05999755859375,1.871999979019165,142.6300048828125
2022-03-09,1985.9000244140625,25.756999969482422,108.69999694824219,1.0898232460021973,0.008641399443149567,97.97000122070312,1.9479999542236328,141.6300048828125
2022-03-10,1998.0999755859375,26.20199966430664,106.0199966430664,1.107382893562317,0.008627457544207573,98.51000213623047,2.010999917984009,140.75999450683594
2022-03-11,1982.699951171875,26.106000900268555,109.33000183105469,1.1013944149017334,0.008607407100498676,99.12000274658203,2.003999948501587,140.77499389648438
2022-03-14,1959.5999755859375,25.243999481201172,103.01000213623047,1.093206763267517,0.008508538827300072,99.05999755859375,2.140000104904175,139.53500366210938
2022-03-15,1928.5,25.12299919128418,96.44000244140625,1.0943193435668945,0.008458948694169521,99.06999969482422,2.1600000858306885,140.00999450683594
2022-03-16,1908.0,24.670000076293945,95.04000091552734,1.0969363451004028,0.008453656919300556,98.37999725341797,2.187999963760376,139.3300018310547
2022-03-17,1942.0999755859375,25.583999633789062,102.9800033569336,1.1021955013275146,0.008412551134824753,98.01000213623047,2.191999912261963,139.4199981689453
2022-03-18,1928.199951171875,25.05500030517578,104.69999694824219,1.1099518537521362,0.008439815603196621,98.2300033569336,2.1480000019073486,139.56500244140625
2022-03-21,1928.5999755859375,25.281999588012695,112.12000274658203,1.1043134927749634,0.008384830318391323,98.5,2.315000057220459,138.55999755859375
2022-03-22,1920.699951171875,24.885000228881836,111.76000213623047,1.101722002029419,0.008361623622477055,98.48999786376953,2.372999906539917,138.2050018310547
2022-03-23,1936.5999755859375,25.170000076293945,114.93000030517578,1.1029735803604126,0.008241306059062481,98.62000274658203,2.321000099182129,138.47999572753906
2022-03-24,1961.5999755859375,25.899999618530273,112.33999633789062,1.1006306409835815,0.008255797438323498,98.79000091552734,2.3410000801086426,137.9949951171875
2022-03-25,1953.800048828125,25.594999313354492,113.9000015258789,1.1009578704833984,0.008173540234565735,98.80999755859375,2.492000102996826,137.52000427246094
2022-03-28,1939.5999755859375,25.176000595092773,105.95999908447266,1.098189115524292,0.008178621530532837,99.08999633789062,2.4769999980926514,137.44500732421875
2022-03-29,1912.0,24.715999603271484,104.23999786376953,1.0993843078613281,0.008086688816547394,98.4000015258789,2.4000000953674316,136.7550048828125
2022-03-30,1933.5,25.10300064086914,107.81999969482422,1.1091516017913818,0.008121827617287636,97.79000091552734,2.3580000400543213,136.5
2022-03-31,1949.199951171875,25.121000289916992,100.27999877929688,1.1161835193634033,0.008195310831069946,98.30999755859375,2.3269999027252197,137.5800018310547
2022-04-01,1919.0999755859375,24.642000198364258,99.2699966430664,1.1072357892990112,0.008213147521018982,98.62999725341797,2.377000093460083,137.35499572753906
2022-04-04,1929.199951171875,24.583999633789062,103.27999877929688,1.1047282218933105,0.0081559419631958,98.98999786376953,2.4119999408721924,137.7550048828125
2022-04-05,1922.9000244140625,24.527999877929688,101.95999908447266,1.0975863933563232,0.008142725564539433,99.47000122070312,2.555999994277954,136.97999572753906
2022-04-06,1918.4000244140625,24.454999923706055,96.2300033569336,1.090643286705017,0.008086951449513435,99.5999984741211,2.6089999675750732,136.64999389648438
2022-04-07,1933.800048828125,24.732999801635742,96.02999877929688,1.0898232460021973,0.008082571439445019,99.75,2.6519999504089355,136.2050018310547
2022-04-08,1941.5999755859375,24.819000244140625,98.26000213623047,1.0864840745925903,0.0080582769587636,99.80000305175781,2.7130000591278076,135.875
2022-04-11,1944.300048828125,24.97800064086914,94.29000091552734,1.0884946584701538,0.008039554581046104,99.93000030517578,2.7799999713897705,134.7050018310547
2022-04-12,1972.0999755859375,25.725000381469727,100.5999984741211,1.0877959728240967,0.007969905622303486,100.29000091552734,2.7249999046325684,134.94500732421875
2022-04-13,1981.0,26.020000457763672,104.25,1.0826143026351929,0.007973464205861092,99.87999725341797,2.687000036239624,135.05499267578125
2022-04-14,1970.9000244140625,25.690000534057617,106.94999694824219,1.089656949043274,0.007975944317877293,100.31999969482422,2.828000068664551,134.30499267578125
2022-04-15,1970.9000244140625,25.690000534057617,106.94999694824219,1.0820988416671753,0.007925248704850674,100.31999969482422,2.828000068664551,134.30499267578125
2022-04-18,1982.9000244140625,26.139999389648438,108.20999908447266,1.081525444984436,0.007897771894931793,100.77999877929688,2.861999988555908,134.30499267578125
2022-04-19,1955.699951171875,25.391000747680664,102.55999755859375,1.0781787633895874,0.007867944426834583,100.95999908447266,2.9130001068115234,133.6699981689453
2022-04-20,1952.300048828125,25.270000457763672,102.75,1.0794472694396973,0.007731979247182608,100.38999938964844,2.8399999141693115,134.32000732421875
2022-04-21,1944.9000244140625,24.621000289916992,103.79000091552734,1.0849870443344116,0.007811706513166428,100.58000183105469,2.9170000553131104,133.5399932861328
2022-04-22,1931.0,24.256999969482422,102.06999969482422,1.0835175514221191,0.007787676528096199,101.22000122070312,2.9059998989105225,133.27499389648438
2022-04-25,1893.199951171875,23.667999267578125,98.54000091552734,1.0811045169830322,0.007775747682899237,101.75,2.8259999752044678,134.43499755859375
2022-04-26,1901.4000244140625,23.54199981689453,101.69999694824219,1.0714209079742432,0.00782815646380186,102.30000305175781,2.7720000743865967,134.6999969482422
2022-04-27,1885.9000244140625,23.45800018310547,102.0199966430664,1.0643619298934937,0.007857558317482471,102.94999694824219,2.818000078201294,134.53500366210938
2022-04-28,1888.699951171875,23.128999710083008,105.36000061035156,1.0555092096328735,0.007788525894284248,103.62000274658203,2.86299991607666,133.7949981689453
2022-04-29,1909.300048828125,23.040000915527344,104.69000244140625,1.0504201650619507,0.00764461699873209,102.95999908447266,2.88700008392334,133.35000610351562
2022-05-02,1861.800048828125,22.54400062561035,105.16999816894531,1.0535964965820312,0.007691656704992056,103.73999786376953,2.996000051498413,133.05499267578125
2022-05-03,1868.800048828125,22.621000289916992,102.41000366210938,1.0509058237075806,0.007685685995966196,103.47000122070312,2.9600000381469727,133.32000732421875
2022-05-04,1867.0,22.36199951171875,107.80999755859375,1.0528532266616821,0.007685449905693531,102.58999633789062,2.9170000553131104,133.125
2022-05-05,1874.0,22.399999618530273,108.26000213623047,1.0622477531433105,0.007738559972494841,103.75,3.065999984741211,132.4149932861328
2022-05-06,1881.199951171875,22.325000762939453,109.7699966430664,1.0539740324020386,0.007672830484807491,103.66000366210938,3.122999906539917,131.48500061035156
2022-05-09,1857.0999755859375,21.781999588012695,103.08999633789062,1.053219199180603,0.007648242637515068,103.6500015258789,3.0789999961853027,132.05999755859375
2022-05-10,1839.9000244140625,21.389999389648438,99.76000213623047,1.056579828262329,0.007670064456760883,103.91999816894531,2.993000030517578,132.8800048828125
2022-05-11,1852.5999755859375,21.549999237060547,105.70999908447266,1.0532968044281006,0.0076715946197509766,103.8499984741211,2.9210000038146973,132.91000366210938
2022-05-12,1823.800048828125,20.756999969482422,106.12999725341797,1.05124831199646,0.007702082861214876,104.8499984741211,2.816999912261963,134.14500427246094
2022-05-13,1807.4000244140625,20.983999252319336,110.48999786376953,1.0379581451416016,0.007776775397360325,104.55999755859375,2.934999942779541,133.35499572753906
2022-05-16,1813.5,21.53499984741211,114.19999694824219,1.0400632619857788,0.007726064417511225,104.19000244140625,2.877000093460083,133.5050048828125
2022-05-17,1818.199951171875,21.73699951171875,112.4000015258789,1.0438958406448364,0.007756567560136318,103.36000061035156,2.9679999351501465,132.44500732421875
2022-05-18,1815.9000244140625,21.533000946044922,109.58999633789062,1.0547856092453003,0.0077247521840035915,103.80999755859375,2.885999917984009,132.7100067138672
2022-05-19,1841.199951171875,21.898000717163086,112.20999908447266,1.0472739934921265,0.007817752659320831,102.72000122070312,2.8550000190734863,133.39999389648438
2022-05-20,1841.800048828125,21.66900062561035,113.2300033569336,1.057898759841919,0.007822766900062561,103.1500015258789,2.7869999408721924,133.2449951171875
2022-05-23,1847.800048828125,21.722999572753906,110.29000091552734,1.0569819211959839,0.007818425074219704,102.08000183105469,2.8589999675750732,132.44000244140625
2022-05-24,1865.0999755859375,22.062999725341797,109.7699966430664,1.0682048797607422,0.00782191101461649,101.86000061035156,2.759999990463257,132.97000122070312
2022-05-25,1846.199951171875,21.860000610351562,110.33000183105469,1.0736525058746338,0.007888363674283028,102.05999755859375,2.749000072479248,132.9199981689453
2022-05-26,1847.4000244140625,21.94099998474121,114.08999633789062,1.0686614513397217,0.007864602841436863,101.83000183105469,2.75600004196167,132.3350067138672
2022-05-27,1851.300048828125,22.059999465942383,115.06999969482422,1.0732953548431396,0.007871226407587528,101.66999816894531,2.743000030517578,132.61000061035156
2022-05-30,1851.300048828125,22.059999465942383,115.06999969482422,1.0731456279754639,0.007856384851038456,101.66999816894531,2.743000030517578,131.7949981689453
2022-05-31,1842.699951171875,21.650999069213867,114.66999816894531,1.0773539543151855,0.007825706154108047,101.75,2.8440001010894775,131.13999938964844
2022-06-01,1843.300048828125,21.884000778198242,115.26000213623047,1.0734105110168457,0.007767835631966591,102.55000305175781,2.930999994277954,130.4550018310547
2022-06-02,1866.5,22.253999710083008,116.87000274658203,1.0654165744781494,0.007685096003115177,101.7699966430664,2.9130001068115234,129.99000549316406
2022-06-03,1845.4000244140625,21.889999389648438,118.87000274658203,1.0751069784164429,0.007697162684053183,102.13999938964844,2.9570000171661377,129.71499633789062
2022-06-06,1839.199951171875,22.073999404907227,118.5,1.0726046562194824,0.007650699466466904,102.44000244140625,3.0380001068115234,129.10499572753906
2022-06-07,1847.5,22.159000396728516,119.41000366210938,1.0691413879394531,0.007565670181065798,102.31999969482422,2.9719998836517334,129.5749969482422
2022-06-08,1851.9000244140625,22.073999404907227,122.11000061035156,1.0698620080947876,0.007527456618845463,102.54000091552734,3.0290000438690186,128.89500427246094
2022-06-09,1848.800048828125,21.797000885009766,121.51000213623047,1.071765422821045,0.007438816130161285,103.22000122070312,3.0439999103546143,128.19000244140625
2022-06-10,1871.5,21.913000106811523,120.66999816894531,1.0619205236434937,0.007439479697495699,104.1500015258789,3.1559998989105225,127.63500213623047
2022-06-13,1828.0,21.236000061035156,120.93000030517578,1.0489987134933472,0.007417627610266209,105.08000183105469,3.365999937057495,126.44999694824219
2022-06-14,1809.5,20.93600082397461,118.93000030517578,1.0415147542953491,0.007450176402926445,105.5199966430664,3.4830000400543213,125.25499725341797
2022-06-15,1815.300048828125,21.402000427246094,115.30999755859375,1.0440592765808105,0.0073913102969527245,105.16000366210938,3.3949999809265137,126.09500122070312
2022-06-16,1845.699951171875,21.867000579833984,117.58999633789062,1.0456204414367676,0.0074562872759997845,103.62999725341797,3.306999921798706,125.62000274658203
2022-06-17,1835.5999755859375,21.572999954223633,109.55999755859375,1.0546854734420776,0.00755167193710804,104.69999694824219,3.239000082015991,125.92500305175781
2022-06-20,1835.5999755859375,21.572999954223633,109.55999755859375,1.049141764640808,0.007392294239252806,104.69999694824219,3.239000082015991,125.17500305175781
2022-06-21,1834.5999755859375,21.753999710083008,110.6500015258789,1.0520778894424438,0.007402636576443911,104.44000244140625,3.306999921798706,124.95999908447266
2022-06-22,1834.300048828125,21.406999588012695,106.19000244140625,1.053263545036316,0.007338426541537046,104.19999694824219,3.1559998989105225,126.2249984741211
2022-06-23,1825.699951171875,21.031999588012695,104.2699966430664,1.0564124584197998,0.007351643871515989,104.43000030517578,3.068000078201294,127.80500030517578
2022-06-24,1826.5,21.115999221801758,107.62000274658203,1.052011489868164,0.007416197098791599,104.19000244140625,3.125,127.83999633789062
2022-06-27,1820.9000244140625,21.159000396728516,109.56999969482422,1.0566133260726929,0.007404007017612457,103.94000244140625,3.194000005722046,127.06999969482422
2022-06-28,1817.5,20.797000885009766,111.76000213623047,1.0580891370773315,0.007383615709841251,104.51000213623047,3.2060000896453857,126.18000030517578
2022-06-29,1813.699951171875,20.667999267578125,109.77999877929688,1.0523545742034912,0.007350401021540165,105.11000061035156,3.0929999351501465,127.33499908447266
2022-06-30,1804.0999755859375,20.281999588012695,105.76000213623047,1.04465913772583,0.00732123339548707,104.69000244140625,2.9719998836517334,128.61500549316406
2022-07-01,1798.9000244140625,19.597000122070312,108.43000030517578,1.0477677583694458,0.007364529650658369,105.13999938964844,2.8889999389648438,130.0050048828125
2022-07-04,1798.9000244140625,19.597000122070312,108.43000030517578,1.0433948040008545,0.007405048701912165,105.13999938964844,2.8889999389648438,128.91000366210938
2022-07-05,1761.800048828125,19.052000045776367,99.5,1.0433186292648315,0.007361602038145065,106.5,2.809000015258789,130.3699951171875
2022-07-06,1734.9000244140625,19.084999084472656,98.52999877929688,1.0257673263549805,0.007378930225968361,107.0999984741211,2.9130001068115234,130.55999755859375
2022-07-07,1737.9000244140625,19.121999740600586,102.7300033569336,1.0186411142349243,0.00735477963462472,107.12999725341797,3.007999897003174,129.80499267578125
2022-07-08,1740.5999755859375,19.16699981689453,104.79000091552734,1.0169836282730103,0.007357648108154535,107.01000213623047,3.1010000705718994,129.36000061035156
2022-07-11,1730.0,19.066999435424805,104.08999633789062,1.0166114568710327,0.007336703594774008,108.0199966430664,2.990999937057495,130.27499389648438
2022-07-12,1723.300048828125,18.89900016784668,95.83999633789062,1.004752516746521,0.007278656121343374,108.06999969482422,2.9579999446868896,131.42999267578125
2022-07-13,1734.199951171875,19.13800048828125,96.30000305175781,1.0033109188079834,0.007313897833228111,107.95999908447266,2.9040000438690186,131.39999389648438
2022-07-14,1704.5,18.16900062561035,95.77999877929688,1.0032706260681152,0.00726596312597394,108.54000091552734,2.9600000381469727,131.10000610351562
2022-07-15,1702.4000244140625,18.54800033569336,97.58999633789062,1.0025665760040283,0.007195953279733658,108.05999755859375,2.930000066757202,131.49000549316406
2022-07-18,1709.199951171875,18.791000366210938,102.5999984741211,1.009631872177124,0.007229926530271769,107.37000274658203,2.9600000381469727,130.66000366210938
2022-07-19,1710.0,18.670000076293945,104.22000122070312,1.0145177841186523,0.007234371732920408,106.68000030517578,3.0190000534057617,130.02000427246094
2022-07-20,1699.5,18.638999938964844,102.26000213623047,1.0231330394744873,0.007236361503601074,107.08000183105469,3.0360000133514404,130.2050018310547
2022-07-21,1712.699951171875,18.687000274658203,96.3499984741211,1.0182781219482422,0.0072256941348314285,106.91000366210938,2.9100000858306885,130.52000427246094
2022-07-22,1727.0999755859375,18.584999084472656,94.69999694824219,1.0221081972122192,0.007294051814824343,106.7300033569336,2.7829999923706055,132.2550048828125
2022-07-25,1719.0,18.29400062561035,96.69999694824219,1.0200231075286865,0.007336111273616552,106.4800033569336,2.819999933242798,132.25999450683594
2022-07-26,1717.699951171875,18.48699951171875,94.9800033569336,1.022494912147522,0.007329712621867657,107.19000244140625,2.7869999408721924,133.19000244140625
2022-07-27,1719.0999755859375,18.55299949645996,97.26000213623047,1.0129557847976685,0.007300868630409241,106.44999694824219,2.7339999675750732,133.02999877929688
2022-07-28,1750.300048828125,19.82699966430664,96.41999816894531,1.0209290981292725,0.007346945349127054,106.3499984741211,2.680999994277954,134.4499969482422
2022-07-29,1762.9000244140625,20.1560001373291,98.62000274658203,1.0192328691482544,0.007440641988068819,105.9000015258789,2.6419999599456787,134.49000549316406
2022-08-01,1769.0,20.32200050354004,93.88999938964844,1.0208247900009155,0.007495858706533909,105.44999694824219,2.6059999465942383,135.03500366210938
2022-08-02,1771.0999755859375,20.104999542236328,94.41999816894531,1.0261356830596924,0.007600401062518358,106.23999786376953,2.740999937057495,135.13499450683594
2022-08-03,1758.0,19.864999771118164,90.66000366210938,1.015568733215332,0.007497432176023722,106.51000213623047,2.747999906539917,134.1750030517578
2022-08-04,1788.5,20.099000930786133,88.54000091552734,1.015764594078064,0.007464803289622068,105.69000244140625,2.6760001182556152,134.64999389648438
2022-08-05,1772.9000244140625,19.819000244140625,89.01000213623047,1.024779200553894,0.007540283724665642,106.62000274658203,2.8399999141693115,133.1649932861328
2022-08-08,1786.800048828125,20.591999053955078,90.76000213623047,1.0170871019363403,0.007404280826449394,106.44000244140625,2.765000104904175,133.7050018310547
2022-08-09,1794.0,20.45800018310547,90.5,1.0197629928588867,0.007416197098791599,106.37000274658203,2.796999931335449,133.375
2022-08-10,1795.5999755859375,20.718000411987305,91.93000030517578,1.0208144187927246,0.007397161331027746,105.19999694824219,2.7860000133514404,133.75999450683594
2022-08-11,1789.699951171875,20.326000213623047,94.33999633789062,1.0300782918930054,0.007528419606387615,105.08999633789062,2.888000011444092,132.92999267578125
2022-08-12,1798.5999755859375,20.677000045776367,92.08999633789062,1.0316723585128784,0.007519136182963848,105.62999725341797,2.8489999771118164,132.72999572753906
2022-08-15,1781.4000244140625,20.250999450683594,89.41000366210938,1.0256409645080566,0.007502551190555096,106.55000305175781,2.7909998893737793,133.5399932861328
2022-08-16,1773.199951171875,20.065000534057617,86.52999877929688,1.0161981582641602,0.00751072121784091,106.5,2.8239998817443848,132.7899932861328
2022-08-17,1760.300048828125,19.711000442504883,88.11000061035156,1.0170663595199585,0.007447292096912861,106.56999969482422,2.8929998874664307,131.86000061035156
2022-08-18,1755.300048828125,19.447999954223633,90.5,1.0180189609527588,0.007410481572151184,107.4800033569336,2.880000114440918,131.6699981689453
2022-08-19,1747.5999755859375,19.058000564575195,90.7699966430664,1.0089900493621826,0.0073640416376292706,108.16999816894531,2.989000082015991,130.4550018310547
2022-08-22,1734.0,18.87299919128418,90.2300033569336,1.0035223960876465,0.00729708606377244,109.05000305175781,3.0369999408721924,129.88999938964844
2022-08-23,1746.800048828125,19.011999130249023,93.73999786376953,0.9939467906951904,0.0072702947072684765,108.62000274658203,3.053999900817871,129.72500610351562
2022-08-24,1747.800048828125,18.895000457763672,94.88999938964844,0.9966909885406494,0.007313523441553116,108.68000030517578,3.1059999465942383,129.39999389648438
2022-08-25,1757.699951171875,19.111000061035156,92.5199966430664,0.9969095587730408,0.007294957526028156,108.47000122070312,3.0260000228881836,129.64999389648438
2022-08-26,1736.0999755859375,18.739999771118164,93.05999755859375,0.9971283078193665,0.0073226275853812695,108.80000305175781,3.0350000858306885,129.125
2022-08-29,1736.5999755859375,18.55500030517578,97.01000213623047,0.993867814540863,0.007271669339388609,108.83999633789062,3.109999895095825,128.11000061035156
2022-08-30,1723.199951171875,18.159000396728516,91.63999938964844,1.0014019012451172,0.00721521582454443,108.7699966430664,3.109999895095825,128.05999755859375
2022-08-31,1712.800048828125,17.761999130249023,89.55000305175781,1.0025062561035156,0.007208038587123156,108.69999694824219,3.132999897003174,127.71499633789062
2022-09-01,1696.5999755859375,17.551000595092773,86.61000061035156,1.003905177116394,0.007178956642746925,109.69000244140625,3.265000104904175,127.27999877929688
2022-09-02,1709.800048828125,17.775999069213867,86.87000274658203,0.995232880115509,0.007138727232813835,109.52999877929688,3.193000078201294,127.72000122070312
2022-09-05,1709.800048828125,17.775999069213867,86.87000274658203,0.9909427762031555,0.007118096575140953,109.52999877929688,3.193000078201294,127.45500183105469
2022-09-06,1700.4000244140625,17.795000076293945,86.87999725341797,0.9952229857444763,0.007120986003428698,110.20999908447266,3.3399999141693115,127.06500244140625
2022-09-07,1715.300048828125,18.136999130249023,81.94000244140625,0.9897951483726501,0.006985630374401808,109.83999633789062,3.265000104904175,127.51000213623047
2022-09-08,1708.0,18.329999923706055,83.54000091552734,0.9995701909065247,0.0069382768124341965,109.70999908447266,3.2920000553131104,126.25499725341797
2022-09-09,1716.199951171875,18.658000946044922,86.79000091552734,1.0012015104293823,0.006951395887881517,109.0,3.321000099182129,126.27999877929688
2022-09-12,1728.0999755859375,19.7549991607666,87.77999877929688,1.0071406364440918,0.007012819871306419,108.33000183105469,3.361999988555908,126.73500061035156
2022-09-13,1705.0,19.389999389648438,87.30999755859375,1.0129557847976685,0.007013360038399696,109.81999969482422,3.421999931335449,125.95999908447266
2022-09-14,1696.5,19.47100067138672,88.4800033569336,0.9982032775878906,0.006925015710294247,109.66000366210938,3.4119999408721924,126.24500274658203
2022-09-15,1665.4000244140625,19.174999237060547,85.0999984741211,0.9984025359153748,0.006996774114668369,109.73999786376953,3.4590001106262207,125.875
2022-09-16,1671.699951171875,19.29599952697754,85.11000061035156,0.9988313317298889,0.006975202821195126,109.76000213623047,3.447999954223633,125.79000091552734
2022-09-19,1666.199951171875,19.273000717163086,85.7300033569336,1.002234935760498,0.007004518061876297,109.73999786376953,3.490000009536743,125.43000030517578
2022-09-20,1659.699951171875,19.101999282836914,84.44999694824219,1.0029587745666504,0.006982118356972933,110.22000122070312,3.571000099182129,124.19000244140625
2022-09-21,1664.5999755859375,19.410999298095703,82.94000244140625,0.997078537940979,0.006963691208511591,110.63999938964844,3.509999990463257,124.69999694824219
2022-09-22,1670.800048828125,19.54800033569336,83.48999786376953,0.983071506023407,0.0069292387925088406,111.3499984741211,3.7079999446868896,123.9000015258789
2022-09-23,1645.300048828125,18.840999603271484,78.73999786376953,0.9841550588607788,0.007028394844383001,113.19000244140625,3.697000026702881,123.69999694824219
2022-09-26,1623.300048828125,18.4060001373291,76.70999908447266,0.968992292881012,0.00696810707449913,114.0999984741211,3.878000020980835,123.37000274658203
2022-09-27,1626.699951171875,18.256999969482422,78.5,0.9623712301254272,0.0069223796017467976,114.11000061035156,3.9639999866485596,121.76499938964844
2022-09-28,1660.4000244140625,18.79599952697754,82.1500015258789,0.9596191644668579,0.00691128009930253,112.5999984741211,3.7049999237060547,122.6449966430664
2022-09-29,1658.5,18.611000061035156,81.2300033569336,0.9708172082901001,0.00692530395463109,112.25,3.746999979019165,122.04000091552734
2022-09-30,1662.4000244140625,18.959999084472656,79.48999786376953,0.9829555749893188,0.006923721171915531,112.12000274658203,3.803999900817871,122.71499633789062
2022-10-03,1692.9000244140625,20.518999099731445,83.62999725341797,0.9792688488960266,0.006905314512550831,111.75,3.6510000228881836,124.44499969482422
2022-10-04,1721.0999755859375,21.03700065612793,86.5199966430664,0.9832068681716919,0.006919505540281534,110.06999969482422,3.617000102996826,124.67500305175781
2022-10-05,1711.4000244140625,20.479000091552734,87.76000213623047,0.998432457447052,0.006954731419682503,111.06999969482422,3.759000062942505,123.58999633789062
2022-10-06,1711.699951171875,20.594999313354492,88.44999694824219,0.9910998940467834,0.00692285830155015,112.26000213623047,3.8259999752044678,122.91500091552734
2022-10-07,1700.5,20.191999435424805,92.63999938964844,0.9789045453071594,0.006894697435200214,112.80000305175781,3.882999897003174,121.92500305175781
2022-10-10,1667.300048828125,19.555999755859375,91.12999725341797,0.9735012650489807,0.006873702630400658,113.13999938964844,3.888000011444092,120.82499694824219
2022-10-11,1678.699951171875,19.427000045776367,89.3499984741211,0.9710057377815247,0.006864643190056086,113.22000122070312,3.938999891281128,121.00499725341797
2022-10-12,1670.300048828125,18.878000259399414,87.2699966430664,0.9700167775154114,0.006855419371277094,113.31999969482422,3.9019999504089355,120.43499755859375
2022-10-13,1670.0,18.857999801635742,89.11000061035156,0.9707984328269958,0.00681491382420063,112.36000061035156,3.9519999027252197,120.84500122070312
2022-10-14,1641.699951171875,18.014999389648438,85.61000061035156,0.975134015083313,0.0067891888320446014,113.30999755859375,4.010000228881836,120.25
2022-10-17,1657.0,18.673999786376953,85.45999908447266,0.973937451839447,0.006728026084601879,112.04000091552734,4.014999866485596,121.03500366210938
2022-10-18,1649.0,18.570999145507812,82.81999969482422,0.9846396446228027,0.006712716072797775,112.12999725341797,3.997999906539917,120.9000015258789
2022-10-19,1627.5,18.336000442504883,85.55000305175781,0.9863878488540649,0.006702008657157421,112.9800033569336,4.126999855041504,120.28500366210938
2022-10-20,1630.800048828125,18.666000366210938,85.9800033569336,0.9766482710838318,0.006674631964415312,112.87999725341797,4.22599983215332,120.08499908447266
2022-10-21,1651.0,19.042999267578125,85.05000305175781,0.9778899550437927,0.006658853963017464,112.01000213623047,4.2129998207092285,119.6449966430664
2022-10-24,1648.699951171875,19.173999786376953,84.58000183105469,0.9860085844993591,0.006765030324459076,111.98999786376953,4.234000205993652,120.41999816894531
2022-10-25,1652.800048828125,19.339000701904297,85.31999969482422,0.9886503219604492,0.006716503296047449,110.94999694824219,4.107999801635742,121.88500213623047
2022-10-26,1664.0,19.479999542236328,87.91000366210938,0.9963731169700623,0.00675767008215189,109.69999694824219,4.014999866485596,122.19499969482422
2022-10-27,1660.699951171875,19.47800064086914,89.08000183105469,1.009193778038025,0.00684303417801857,110.58999633789062,3.937000036239624,123.43499755859375
2022-10-28,1639.5999755859375,19.14699935913086,87.9000015258789,0.9967803955078125,0.006836484652012587,110.66999816894531,4.010000228881836,122.5250015258789
2022-10-31,1635.9000244140625,19.125,86.52999877929688,0.9955002665519714,0.006765350699424744,111.52999877929688,4.077000141143799,122.02999877929688
2022-11-01,1645.0,19.67300033569336,88.37000274658203,0.9886307716369629,0.0067232768051326275,111.4800033569336,4.052000045776367,122.15499877929688
2022-11-02,1645.699951171875,19.600000381469727,90.0,0.9877909421920776,0.0067606400698423386,111.3499984741211,4.059000015258789,122.23500061035156
2022-11-03,1627.300048828125,19.43600082397461,88.16999816894531,0.9814409017562866,0.006761691067367792,112.93000030517578,4.124000072479248,121.32499694824219
2022-11-04,1672.5,20.790000915527344,92.61000061035156,0.9749630093574524,0.00673886202275753,110.87999725341797,4.156000137329102,120.93000030517578
2022-11-07,1676.5,20.898000717163086,91.79000091552734,0.9928810596466064,0.006810086779296398,110.12000274658203,4.214000225067139,120.70500183105469
2022-11-08,1712.0999755859375,21.476999282836914,88.91000366210938,1.0018634796142578,0.006820166017860174,109.62000274658203,4.125999927520752,121.15499877929688
2022-11-09,1710.0999755859375,21.29800033569336,85.83000183105469,1.008084774017334,0.00688254926353693,110.55000305175781,4.151000022888184,121.93499755859375
2022-11-10,1750.300048828125,21.677000045776367,86.47000122070312,1.0019538402557373,0.0068395244888961315,108.20999908447266,3.8289999961853027,123.26000213623047
2022-11-11,1766.0,21.645999908447266,88.95999908447266,1.0192224979400635,0.0070554702542722225,106.29000091552734,3.812999963760376,121.94000244140625
2022-11-14,1773.5999755859375,22.091999053955078,85.87000274658203,1.0328551530838013,0.007165736518800259,106.66000366210938,3.865000009536743,121.91500091552734
2022-11-15,1773.800048828125,21.499000549316406,86.91999816894531,1.0319278240203857,0.007136994507163763,106.4000015258789,3.7990000247955322,122.38999938964844
2022-11-16,1773.0,21.503999710083008,85.58999633789062,1.0357863903045654,0.00719605665653944,106.27999877929688,3.691999912261963,123.23999786376953
2022-11-17,1760.800048828125,20.954999923706055,81.63999938964844,1.0395010709762573,0.007177616935223341,106.69000244140625,3.7750000953674316,123.1449966430664
2022-11-18,1751.9000244140625,20.97599983215332,80.08000183105469,1.036172866821289,0.0071218982338905334,106.93000030517578,3.818000078201294,123.2750015258789
2022-11-21,1737.4000244140625,20.849000930786133,79.7300033569336,1.0330898761749268,0.007129971869289875,107.83999633789062,3.825000047683716,123.56500244140625
2022-11-22,1738.300048828125,21.034000396728516,80.94999694824219,1.0245691537857056,0.007037396542727947,107.22000122070312,3.757999897003174,123.63500213623047
2022-11-23,1744.9000244140625,21.35700035095215,77.94000244140625,1.0311086177825928,0.007084410637617111,106.08000183105469,3.7060000896453857,124.13500213623047
2022-11-24,1744.9000244140625,21.35700035095215,77.94000244140625,1.0416233539581299,0.00717988470569253,106.08000183105469,3.7060000896453857,124.83000183105469
2022-11-25,1753.300048828125,21.424999237060547,76.27999877929688,1.040810227394104,0.007214851211756468,105.95999908447266,3.690999984741211,123.97000122070312
2022-11-28,1740.0999755859375,20.90999984741211,77.23999786376953,1.0367528200149536,0.007189072202891111,106.68000030517578,3.703000068664551,123.76499938964844
2022-11-29,1748.4000244140625,21.20400047302246,78.19999694824219,1.034554123878479,0.007208818104118109,106.81999969482422,3.747999906539917,124.54000091552734
2022-11-30,1746.0,21.549999237060547,80.55000305175781,1.0324499607086182,0.007207467220723629,105.94999694824219,3.703000068664551,124.33499908447266
2022-12-01,1801.0999755859375,22.636999130249023,81.22000122070312,1.042535424232483,0.007280193269252777,104.7300033569336,3.5290000438690186,125.44000244140625
2022-12-02,1795.9000244140625,23.038000106811523,79.9800033569336,1.052842140197754,0.0073991864919662476,104.55000305175781,3.50600004196167,125.30500030517578
2022-12-05,1767.4000244140625,22.198999404907227,76.93000030517578,1.0544185638427734,0.007436326239258051,105.29000091552734,3.5989999771118164,125.15499877929688
2022-12-06,1769.300048828125,22.12299919128418,74.25,1.0496923923492432,0.007317858748137951,105.58000183105469,3.513000011444092,125.7699966430664
2022-12-07,1785.5,22.709999084472656,72.01000213623047,1.0469011068344116,0.0073053487576544285,105.0999984741211,3.4079999923706055,125.92500305175781
2022-12-08,1788.699951171875,23.062999725341797,71.45999908447266,1.051325798034668,0.00733239995315671,104.7699966430664,3.490999937057495,125.6449966430664
2022-12-09,1798.0999755859375,23.53499984741211,71.0199966430664,1.0559661388397217,0.007319894153624773,104.80999755859375,3.566999912261963,124.88999938964844
2022-12-12,1780.5,23.219999313354492,73.16999816894531,1.0522217750549316,0.007314646616578102,105.12999725341797,3.6110000610351562,124.76000213623047
2022-12-13,1813.9000244140625,23.801000595092773,75.38999938964844,1.0541739463806152,0.007272515911608934,103.9800033569336,3.500999927520752,124.9000015258789
2022-12-14,1807.5,23.945999145507812,77.27999877929688,1.062665343284607,0.007375501561909914,103.7699966430664,3.503000020980835,124.41999816894531
2022-12-15,1777.199951171875,23.128000259399414,76.11000061035156,1.0676347017288208,0.0073883612640202045,104.55999755859375,3.450000047683716,123.21499633789062
2022-12-16,1790.0,23.150999069213867,74.29000091552734,1.064056158065796,0.007259475067257881,104.69999694824219,3.4820001125335693,122.54000091552734
2022-12-19,1787.699951171875,23.02899932861328,75.19000244140625,1.05850350856781,0.007315823808312416,104.72000122070312,3.5810000896453857,122.1050033569336
2022-12-20,1815.9000244140625,24.0939998626709,76.08999633789062,1.0614584684371948,0.007299536839127541,103.97000122070312,3.684000015258789,121.22000122070312
2022-12-21,1815.9000244140625,24.03499984741211,78.29000091552734,1.062699317932129,0.007581960875540972,104.16000366210938,3.684000015258789,121.16000366210938
2022-12-22,1787.0,23.47599983215332,77.48999786376953,1.0610079765319824,0.007554582320153713,104.43000030517578,3.6689999103546143,120.69000244140625
2022-12-23,1795.9000244140625,23.763999938964844,79.55999755859375,1.060333013534546,0.0075553241185843945,104.30999755859375,3.750999927520752,120.55000305175781
2022-12-26,1795.9000244140625,23.763999938964844,79.55999755859375,1.0667804479599,0.007530687842518091,104.30999755859375,3.750999927520752,120.55000305175781
2022-12-27,1814.800048828125,24.040000915527344,79.52999877929688,1.064022183418274,0.0075321621261537075,104.18000030517578,3.859999895095825,119.3949966430664
2022-12-28,1807.9000244140625,23.663000106811523,78.95999908447266,1.0637166500091553,0.007491422817111015,104.45999908447266,3.88700008392334,119.48999786376953
2022-12-29,1819.5,24.077999114990234,78.4000015258789,1.062925100326538,0.007460793945938349,103.83999633789062,3.8350000381469727,120.01000213623047
2022-12-30,1819.699951171875,23.86199951171875,80.26000213623047,1.066075325012207,0.007523548789322376,103.5199966430664,3.878999948501587,119.36000061035156
2023-01-02,1819.699951171875,23.86199951171875,80.26000213623047,1.0709733963012695,0.007642630487680435,103.5199966430664,3.878999948501587,119.91500091552734
2023-01-03,1839.699951171875,24.05900001525879,76.93000030517578,1.0677714347839355,0.007645610254257917,104.5199966430664,3.7929999828338623,120.4800033569336
2023-01-04,1852.800048828125,23.79199981689453,72.83999633789062,1.0546854734420776,0.007619163487106562,104.25,3.7090001106262207,121.38500213623047
2023-01-05,1834.800048828125,23.257999420166016,73.66999816894531,1.0606365203857422,0.007561665028333664,105.04000091552734,3.7200000286102295,120.98999786376953
2023-01-06,1864.199951171875,23.82200050354004,73.7699966430664,1.0522217750549316,0.0075014811009168625,103.87999725341797,3.569000005722046,121.90499877929688
2023-01-09,1872.699951171875,23.711999893188477,74.62999725341797,1.0656323432922363,0.007583686150610447,103.0,3.5169999599456787,121.63500213623047
2023-01-10,1871.5999755859375,23.506999969482422,75.12000274658203,1.073318362236023,0.007591342553496361,103.23999786376953,3.621000051498413,120.96499633789062
2023-01-11,1874.5999755859375,23.32699966430664,77.41000366210938,1.0738946199417114,0.007569965440779924,103.19000244140625,3.553999900817871,121.99500274658203
2023-01-12,1895.5,23.863000869750977,78.38999938964844,1.0766000747680664,0.007581386715173721,102.25,3.4489998817443848,122.31999969482422
2023-01-13,1918.4000244140625,24.231000900268555,79.86000061035156,1.0860239267349243,0.007741616107523441,102.19999694824219,3.510999917984009,122.30000305175781
2023-01-16,1918.4000244140625,24.231000900268555,79.86000061035156,1.082461953163147,0.0078109134919941425,102.19999694824219,3.510999917984009,122.26499938964844
2023-01-17,1907.199951171875,23.944000244140625,80.18000030517578,1.0830129384994507,0.0077929566614329815,102.38999938964844,3.5350000858306885,122.9800033569336
2023-01-18,1904.4000244140625,23.530000686645508,79.4800033569336,1.0793308019638062,0.007795386482030153,102.36000061035156,3.375,123.66000366210938
2023-01-19,1922.0999755859375,23.753999710083008,80.33000183105469,1.0797853469848633,0.007779739797115326,102.05999755859375,3.3970000743865967,123.24500274658203
2023-01-20,1926.4000244140625,23.829999923706055,81.30999755859375,1.083388328552246,0.007789982482790947,102.01000213623047,3.4839999675750732,122.25
2023-01-23,1927.0999755859375,23.45199966430664,81.62000274658203,1.086507797241211,0.007730723358690739,102.13999938964844,3.5250000953674316,121.98999786376953
2023-01-24,1933.9000244140625,23.64900016784668,80.12999725341797,1.0874292850494385,0.0076571437530219555,101.91999816894531,3.4690001010894775,122.44499969482422
2023-01-25,1941.199951171875,23.839000701904297,80.1500015258789,1.088814616203308,0.007678191643208265,101.63999938964844,3.4619998931884766,122.33999633789062
2023-01-26,1929.0999755859375,23.93000030517578,81.01000213623047,1.0922038555145264,0.007737722247838974,101.83999633789062,3.493000030517578,121.96499633789062
2023-01-27,1928.5999755859375,23.527000427246094,79.68000030517578,1.0894432067871094,0.007704160176217556,101.93000030517578,3.5179998874664307,121.7699966430664
2023-01-30,1922.9000244140625,23.645000457763672,77.9000015258789,1.0871455669403076,0.007700956426560879,102.27999877929688,3.5510001182556152,121.19499969482422
2023-01-31,1929.5,23.74799919128418,78.87000274658203,1.0850694179534912,0.007664068136364222,102.0999984741211,3.5290000438690186,121.51000213623047
2023-02-01,1927.800048828125,23.520999908447266,76.41000366210938,1.0860947370529175,0.007685804273933172,101.22000122070312,3.3970000743865967,121.37000274658203
2023-02-02,1916.300048828125,23.534000396728516,75.87999725341797,1.1012852191925049,0.0077747199684381485,101.75,3.3959999084472656,123.12999725341797
2023-02-03,1862.9000244140625,22.333999633789062,73.38999938964844,1.0905125141143799,0.007767231669276953,102.91999816894531,3.5320000648498535,121.98500061035156
2023-02-06,1866.199951171875,22.177000045776367,74.11000061035156,1.079086184501648,0.007575240917503834,103.62000274658203,3.634000062942505,121.4000015258789
2023-02-07,1871.699951171875,22.117000579833984,77.13999938964844,1.0730764865875244,0.007540170103311539,103.43000030517578,3.6740000247955322,121.2300033569336
2023-02-08,1877.4000244140625,22.367000579833984,78.47000122070312,1.0729728937149048,0.007631140761077404,103.41000366210938,3.6530001163482666,120.80999755859375
2023-02-09,1866.199951171875,22.097000122070312,78.05999755859375,1.0715816020965576,0.007611103355884552,103.22000122070312,3.683000087738037,121.26499938964844
2023-02-10,1862.800048828125,22.034000396728516,79.72000122070312,1.0742292404174805,0.0076034641824662685,103.62999725341797,3.74399995803833,120.75499725341797
2023-02-13,1851.9000244140625,21.81800079345703,80.13999938964844,1.0677714347839355,0.0076016150414943695,103.3499984741211,3.7170000076293945,120.65499877929688
2023-02-14,1854.0,21.841999053955078,79.05999755859375,1.0730419158935547,0.007556465454399586,103.2300033569336,3.760999917984009,120.0999984741211
2023-02-15,1834.199951171875,21.54599952697754,78.58999633789062,1.0735719203948975,0.0075193061493337154,103.91999816894531,3.809000015258789,119.76000213623047
2023-02-16,1842.0,21.68400001525879,78.48999786376953,1.0691757202148438,0.00746809272095561,103.86000061035156,3.8429999351501465,119.83000183105469
2023-02-17,1840.4000244140625,21.694000244140625,76.33999633789062,1.0665756464004517,0.007458567153662443,103.86000061035156,3.828000068664551,119.90499877929688
2023-02-20,1840.4000244140625,21.694000244140625,76.33999633789062,1.0684444904327393,0.007445627823472023,103.86000061035156,3.828000068664551,119.90499877929688
2023-02-21,1833.0,21.868999481201172,76.16000366210938,1.068261981010437,0.007444020826369524,104.18000030517578,3.9549999237060547,119.33499908447266
2023-02-22,1832.0,21.660999298095703,73.94999694824219,1.065200924873352,0.007408724632114172,104.58999633789062,3.9230000972747803,119.4749984741211
2023-02-23,1818.0,21.298999786376953,75.38999938964844,1.0605803728103638,0.007411140017211437,104.5999984741211,3.878999948501587,119.84500122070312
2023-02-24,1808.800048828125,20.805999755859375,76.31999969482422,1.0598047971725464,0.007427874952554703,105.20999908447266,3.9489998817443848,119.40499877929688
2023-02-27,1817.0,20.670000076293945,75.68000030517578,1.0554758310317993,0.007331646978855133,104.66999816894531,3.921999931335449,118.82499694824219
2023-02-28,1828.9000244140625,20.961000442504883,77.05000305175781,1.0611205101013184,0.0073358421213924885,104.87000274658203,3.9159998893737793,118.31500244140625
2023-03-01,1837.699951171875,20.958999633789062,77.69000244140625,1.0577309131622314,0.007334174122661352,104.4800033569336,3.99399995803833,117.71499633789062
2023-03-02,1833.5,20.766000747680664,78.16000366210938,1.066894292831421,0.007342467550188303,105.02999877929688,4.072999954223633,117.55000305175781
2023-03-03,1847.699951171875,21.093000411987305,79.68000030517578,1.0599732398986816,0.007315021473914385,104.5199966430664,3.9639999866485596,117.69000244140625
2023-03-06,1847.9000244140625,20.983999252319336,80.45999908447266,1.0626201629638672,0.007360517978668213,104.3499984741211,3.9830000400543213,117.55000305175781
2023-03-07,1813.9000244140625,20.054000854492188,77.58000183105469,1.0688328742980957,0.007352995686233044,105.62000274658203,3.9749999046325684,117.9000015258789
2023-03-08,1812.699951171875,20.0049991607666,76.66000366210938,1.05507493019104,0.007278496865183115,105.66000366210938,3.9760000705718994,118.19999694824219
2023-03-09,1829.300048828125,20.024999618530273,75.72000122070312,1.0549525022506714,0.007287248969078064,105.30999755859375,3.924999952316284,118.27999877929688
2023-03-10,1862.0,20.375,76.68000030517578,1.0584698915481567,0.007331646978855133,104.58000183105469,3.694999933242798,119.37999725341797
2023-03-13,1911.699951171875,21.792999267578125,74.80000305175781,1.0683646202087402,0.00740850530564785,103.5999984741211,3.515000104904175,121.40499877929688
2023-03-14,1906.199951171875,21.929000854492188,71.33000183105469,1.0725010633468628,0.007512358017265797,103.5999984741211,3.638000011444092,120.0199966430664
2023-03-15,1926.5999755859375,21.77400016784668,67.61000061035156,1.0727657079696655,0.007440641988068819,104.6500015258789,3.492000102996826,123.1050033569336
2023-03-16,1919.0,21.58799934387207,68.3499984741211,1.0583354234695435,0.00752281304448843,104.41999816894531,3.5850000381469727,121.95500183105469
2023-03-17,1969.800048828125,22.35099983215332,66.73999786376953,1.0614134073257446,0.007498050574213266,103.70999908447266,3.3949999809265137,123.06999969482422
2023-03-20,1979.199951171875,22.533000946044922,67.63999938964844,1.0678855180740356,0.007559493184089661,103.27999877929688,3.4809999465942383,123.05500030517578
2023-03-21,1938.0,22.323999404907227,69.33000183105469,1.071914792060852,0.007610813714563847,103.26000213623047,3.6059999465942383,121.61000061035156
2023-03-22,1946.800048828125,22.674999237060547,70.9000015258789,1.0774236917495728,0.007555837277323008,102.3499984741211,3.5,121.07499694824219
2023-03-23,1993.800048828125,23.143999099731445,69.95999908447266,1.0870392322540283,0.007623171433806419,102.52999877929688,3.4059998989105225,122.25499725341797
2023-03-24,1982.0999755859375,23.246999740600586,69.26000213623047,1.0835057497024536,0.00764146214351058,103.12000274658203,3.380000114440918,122.9800033569336
2023-03-27,1952.4000244140625,23.054000854492188,72.80999755859375,1.077818512916565,0.007642572745680809,102.86000061035156,3.5280001163482666,121.99500274658203
2023-03-28,1972.4000244140625,23.323999404907227,73.19999694824219,1.0807071924209595,0.007620034273713827,102.43000030517578,3.563999891281128,121.5250015258789
2023-03-29,1966.0999755859375,23.375999450683594,72.97000122070312,1.0839520692825317,0.00763090793043375,102.63999938964844,3.565999984741211,121.24500274658203
2023-03-30,1980.300048828125,23.902000427246094,74.37000274658203,1.0843634605407715,0.007542842999100685,102.13999938964844,3.5510001182556152,120.6449966430664
2023-03-31,1969.0,24.076000213623047,75.66999816894531,1.0904649496078491,0.007507450878620148,102.51000213623047,3.49399995803833,121.32499694824219
2023-04-03,1983.9000244140625,23.94099998474121,80.41999816894531,1.0803335905075073,0.007499231491237879,102.08999633789062,3.430000066757202,121.83999633789062
2023-04-04,2022.199951171875,25.02199935913086,80.70999908447266,1.091226577758789,0.007558636367321014,101.58999633789062,3.3369998931884766,121.79499816894531
2023-04-05,2020.9000244140625,24.96299934387207,80.61000061035156,1.0960105657577515,0.007605430204421282,101.8499984741211,3.2869999408721924,122.3550033569336
2023-04-06,2011.9000244140625,25.024999618530273,80.69999694824219,1.090334177017212,0.007637435104697943,101.81999969482422,3.2880001068115234,122.43499755859375
2023-04-07,2011.9000244140625,25.024999618530273,80.69999694824219,1.0920130014419556,0.00759480195119977,101.81999969482422,3.2880001068115234,122.43499755859375
2023-04-10,1989.0999755859375,24.84600067138672,79.73999786376953,1.0913575887680054,0.00757019454613328,102.58000183105469,3.4149999618530273,122.43499755859375
2023-04-11,2004.800048828125,25.131000518798828,81.52999877929688,1.086932897567749,0.007492376957088709,102.19999694824219,3.434000015258789,121.3949966430664
2023-04-12,2010.9000244140625,25.40399932861328,83.26000213623047,1.0917507410049438,0.007485366426408291,101.5,3.4210000038146973,120.7699966430664
2023-04-13,2041.300048828125,25.874000549316406,82.16000366210938,1.0999890565872192,0.007513994351029396,101.01000213623047,3.4519999027252197,120.66000366210938
2023-04-14,2002.199951171875,25.423999786376953,82.5199966430664,1.1054610013961792,0.007547910325229168,101.55000305175781,3.5220000743865967,120.2750015258789
2023-04-17,1994.199951171875,25.05299949645996,80.83000183105469,1.098659634590149,0.007464302238076925,102.0999984741211,3.5910000801086426,119.87999725341797
2023-04-18,2007.4000244140625,25.24799919128418,80.86000061035156,1.0925379991531372,0.007439092267304659,101.75,3.572000026702881,119.83999633789062
2023-04-19,1995.199951171875,25.365999221801758,79.16000366210938,1.0975382328033447,0.007460236549377441,101.97000122070312,3.6019999980926514,119.61000061035156
2023-04-20,2007.5999755859375,25.368000030517578,77.29000091552734,1.095218300819397,0.007423684932291508,101.83999633789062,3.5450000762939453,120.17500305175781
2023-04-21,1979.5,25.05299949645996,77.87000274658203,1.0970927476882935,0.007462909445166588,101.81999969482422,3.569999933242798,119.79000091552734
2023-04-24,1989.0999755859375,25.305999755859375,78.76000213623047,1.0992271900177002,0.007464859168976545,101.3499984741211,3.515000104904175,119.7249984741211
2023-04-25,1994.0,24.87700080871582,77.06999969482422,1.1059499979019165,0.007458011619746685,101.86000061035156,3.3959999084472656,120.80000305175781
2023-04-26,1985.699951171875,24.871000289916992,74.30000305175781,1.0978394746780396,0.00747881643474102,101.47000122070312,3.431999921798706,120.55500030517578
2023-04-27,1989.9000244140625,24.982999801635742,74.76000213623047,1.1047282218933105,0.007492601405829191,101.5,3.5280001163482666,120.06999969482422
2023-04-28,1990.0999755859375,24.999000549316406,76.77999877929688,1.1032048463821411,0.0074737295508384705,101.66999816894531,3.4519999027252197,121.26499938964844
2023-05-01,1983.4000244140625,25.009000778198242,75.66000366210938,1.1010911464691162,0.007332130800932646,102.1500015258789,3.5739998817443848,121.26499938964844
2023-05-02,2014.300048828125,25.40399932861328,71.66000366210938,1.0969241857528687,0.007271616719663143,101.95999908447266,3.438999891281128,121.79499816894531
2023-05-03,2028.5999755859375,25.47599983215332,68.5999984741211,1.1010911464691162,0.007327832281589508,101.33999633789062,3.4030001163482666,121.83499908447266
2023-05-04,2048.0,26.03499984741211,68.55999755859375,1.1068925857543945,0.0074325124733150005,101.4000015258789,3.3510000705718994,122.44499969482422
2023-05-05,2017.4000244140625,25.743000030517578,71.33999633789062,1.102292776107788,0.007452731020748615,101.20999908447266,3.446000099182129,121.4800033569336
2023-05-08,2026.300048828125,25.63599967956543,73.16000366210938,1.10186767578125,0.007396504282951355,101.37000274658203,3.5209999084472656,121.2249984741211
2023-05-09,2036.199951171875,25.697999954223633,73.70999908447266,1.0996140241622925,0.007403403986245394,101.63999938964844,3.5209999084472656,121.08000183105469
2023-05-10,2030.5,25.461000442504883,72.55999755859375,1.096467137336731,0.007391639053821564,101.4800033569336,3.438999891281128,121.43499755859375
2023-05-11,2014.699951171875,24.2549991607666,70.87000274658203,1.098406195640564,0.0074578444473445415,102.05999755859375,3.3970000743865967,122.09500122070312
2023-05-12,2014.5,23.992000579833984,70.04000091552734,1.0912145376205444,0.0074350545182824135,102.68000030517578,3.4630000591278076,121.63999938964844
2023-05-15,2018.0,24.12700080871582,71.11000061035156,1.0852696895599365,0.007362577132880688,102.43000030517578,3.507999897003174,121.2750015258789
2023-05-16,1988.4000244140625,23.73699951171875,70.86000061035156,1.0873701572418213,0.00735050905495882,102.55999755859375,3.5490000247955322,120.83999633789062
2023-05-17,1980.699951171875,23.75200080871582,72.83000183105469,1.0865668058395386,0.007329766638576984,102.87999725341797,3.5810000896453857,120.95500183105469
2023-05-18,1956.5,23.4950008392334,71.86000061035156,1.0838346481323242,0.007266702596098185,103.58000183105469,3.6480000019073486,120.08499908447266
2023-05-19,1978.699951171875,23.920000076293945,71.55000305175781,1.0775396823883057,0.007213966455310583,103.19999694824219,3.691999912261963,120.38500213623047
2023-05-22,1974.800048828125,23.71500015258789,71.98999786376953,1.0822745561599731,0.007262586150318384,103.19999694824219,3.7190001010894775,120.04499816894531
2023-05-23,1972.4000244140625,23.474000930786133,72.91000366210938,1.0811045169830322,0.0072112614288926125,103.48999786376953,3.697999954223633,119.91500091552734
2023-05-24,1962.800048828125,23.114999771118164,74.33999633789062,1.076971173286438,0.0072151110507547855,103.88999938964844,3.7190001010894775,120.09500122070312
2023-05-25,1943.0999755859375,22.785999298095703,71.83000183105469,1.0757315158843994,0.007179626729339361,104.20999908447266,3.813999891281128,119.6449966430664
2023-05-26,1944.0999755859375,23.239999771118164,72.66999816894531,1.0724436044692993,0.0071419901214540005,104.20999908447266,3.809999942779541,119.43499755859375
2023-05-29,1944.0999755859375,23.239999771118164,72.66999816894531,1.0723055601119995,0.007098692934960127,104.20999908447266,3.809999942779541,120.24500274658203
2023-05-30,1958.0,23.125,69.45999908447266,1.0707669258117676,0.007120428141206503,104.16999816894531,3.700000047683716,121.0
2023-05-31,1963.9000244140625,23.474000930786133,68.08999633789062,1.073306918144226,0.007153484970331192,104.31999969482422,3.63700008392334,121.5250015258789
2023-06-01,1978.0,23.875,70.0999984741211,1.0695186853408813,0.007187677547335625,103.55999755859375,3.6080000400543213,121.75499725341797
2023-06-02,1952.4000244140625,23.64299964904785,71.73999786376953,1.0760787725448608,0.007207311224192381,104.0199966430664,3.690999984741211,121.26499938964844
2023-06-05,1958.0,23.534000396728516,72.1500015258789,1.0698620080947876,0.007132311351597309,104.0,3.693000078201294,120.63500213623047
2023-06-06,1965.5,23.573999404907227,71.73999786376953,1.0711798667907715,0.007174476515501738,104.12999725341797,3.6989998817443848,120.75499725341797
2023-06-07,1942.699951171875,23.43899917602539,72.52999877929688,1.0698047876358032,0.007167072035372257,104.0999984741211,3.7839999198913574,120.09500122070312
2023-06-08,1963.5999755859375,24.263999938964844,71.29000091552734,1.0707440376281738,0.007148013915866613,103.33999633789062,3.7139999866485596,120.37999725341797
2023-06-09,1962.199951171875,24.333999633789062,70.16999816894531,1.078271746635437,0.007201341912150383,103.55999755859375,3.744999885559082,120.72000122070312
2023-06-12,1955.300048828125,23.985000610351562,67.12000274658203,1.0750954151153564,0.00717509351670742,103.62999725341797,3.765000104904175,120.61000061035156
2023-06-13,1944.5999755859375,23.756000518798828,69.41999816894531,1.0762988328933716,0.007170514669269323,103.33999633789062,3.8389999866485596,120.19999694824219
2023-06-14,1955.300048828125,24.04400062561035,68.2699966430664,1.078934907913208,0.007133837789297104,103.01000213623047,3.7960000038146973,120.13500213623047
2023-06-15,1957.800048828125,23.891000747680664,70.62000274658203,1.084304690361023,0.007144030649214983,102.12000274658203,3.7279999256134033,119.66999816894531
2023-06-16,1958.4000244140625,24.076000213623047,71.77999877929688,1.0945948362350464,0.007129209581762552,102.30000305175781,3.7690000534057617,120.06500244140625
2023-06-19,1958.4000244140625,24.076000213623047,71.77999877929688,1.0942115783691406,0.007048855535686016,102.30000305175781,3.7690000534057617,119.54499816894531
2023-06-20,1935.5,23.19300079345703,70.5,1.0924304723739624,0.0070472657680511475,102.54000091552734,3.7290000915527344,120.49500274658203
2023-06-21,1933.300048828125,22.77400016784668,72.52999877929688,1.0920368432998657,0.0070753879845142365,102.06999969482422,3.7230000495910645,120.36000061035156
2023-06-22,1912.699951171875,22.43600082397461,69.51000213623047,1.0992635488510132,0.007057760376483202,102.38999938964844,3.7990000247955322,119.87999725341797
2023-06-23,1919.0999755859375,22.327999114990234,69.16000366210938,1.0958904027938843,0.00699154008179903,102.9000015258789,3.739000082015991,120.93499755859375
2023-06-26,1923.699951171875,22.80500030517578,69.37000274658203,1.0906671285629272,0.006966650485992432,102.69000244140625,3.7190001010894775,121.3949966430664
2023-06-27,1914.0,22.93899917602539,67.69999694824219,1.091048002243042,0.00697058392688632,102.48999786376953,3.7679998874664307,120.92500305175781
2023-06-28,1912.300048828125,22.868000030517578,69.55999755859375,1.0957223176956177,0.006950139533728361,102.91000366210938,3.7100000381469727,121.30999755859375
2023-06-29,1909.199951171875,22.590999603271484,69.86000061035156,1.0915838479995728,0.006925735156983137,103.33999633789062,3.8540000915527344,120.54000091552734
2023-06-30,1921.0999755859375,22.809999465942383,70.63999938964844,1.0868029594421387,0.0069070314057171345,102.91000366210938,3.819000005722046,120.8550033569336
2023-07-03,1921.699951171875,22.895999908447266,69.79000091552734,1.0907504558563232,0.00692530395463109,102.98999786376953,3.8580000400543213,120.55999755859375
2023-07-04,1921.699951171875,22.895999908447266,69.79000091552734,1.091309905052185,0.006916394457221031,102.98999786376953,3.8580000400543213,120.36000061035156
2023-07-05,1919.5999755859375,23.19700050354004,71.79000091552734,1.0884946584701538,0.006924919784069061,103.37000274658203,3.944999933242798,120.09500122070312
2023-07-06,1908.699951171875,22.68600082397461,71.80000305175781,1.0856584310531616,0.006920942105352879,103.16999816894531,4.040999889373779,119.01499938964844
2023-07-07,1926.199951171875,23.091999053955078,73.86000061035156,1.0890636444091797,0.0069468081928789616,102.2699966430664,4.050000190734863,118.97000122070312
2023-07-10,1925.0,23.150999069213867,72.98999786376953,1.0969723463058472,0.007031903602182865,101.97000122070312,4.00600004196167,118.80000305175781
2023-07-11,1931.300048828125,23.086000442504883,74.83000183105469,1.100594401359558,0.007077291142195463,101.7300033569336,3.9800000190734863,118.76499938964844
2023-07-12,1956.199951171875,24.118999481201172,75.75,1.101406455039978,0.007136841770261526,100.5199966430664,3.8610000610351562,119.43000030517578
2023-07-13,1959.199951171875,24.76799964904785,76.88999938964844,1.1144545078277588,0.007229873910546303,99.7699966430664,3.760999917984009,120.2249984741211
2023-07-14,1960.0999755859375,25.013999938964844,75.41999816894531,1.1223469972610474,0.007242440711706877,99.91000366210938,3.819000005722046,120.04499816894531
2023-07-17,1952.4000244140625,24.8439998626709,74.1500015258789,1.1227755546569824,0.007210740819573402,99.83999633789062,3.796999931335449,120.25499725341797
2023-07-18,1977.199951171875,25.083999633789062,75.75,1.1237596273422241,0.007208297960460186,99.94000244140625,3.7890000343322754,121.09500122070312
2023-07-19,1977.5,25.2189998626709,75.3499984741211,1.1228890419006348,0.0071928477846086025,100.27999877929688,3.742000102996826,120.61499786376953
2023-07-20,1968.300048828125,24.80500030517578,75.62999725341797,1.120523452758789,0.007163425907492638,100.87999725341797,3.8540000915527344,120.30000305175781
2023-07-21,1964.300048828125,24.697999954223633,77.06999969482422,1.113709807395935,0.007149802520871162,101.06999969482422,3.8369998931884766,120.55999755859375
2023-07-24,1960.300048828125,24.43600082397461,78.73999786376953,1.112532615661621,0.007054673507809639,101.3499984741211,3.8570001125335693,120.84500122070312
2023-07-25,1962.0999755859375,24.68000030517578,79.62999725341797,1.1063170433044434,0.007066038902848959,101.3499984741211,3.9119999408721924,120.86499786376953
2023-07-26,1968.9000244140625,24.825000762939453,78.77999877929688,1.1050456762313843,0.007096577435731888,100.88999938964844,3.8510000705718994,120.30500030517578
2023-07-27,1945.4000244140625,24.236000061035156,80.08999633789062,1.1078368425369263,0.007124181371182203,101.7699966430664,4.01200008392334,120.36000061035156
2023-07-28,1960.4000244140625,24.3700008392334,80.58000183105469,1.0978755950927734,0.007201290689408779,101.62000274658203,3.9690001010894775,120.37999725341797
2023-07-31,1970.5,24.854000091552734,81.80000305175781,1.1024264097213745,0.007104392163455486,101.86000061035156,3.9590001106262207,120.27999877929688
2023-08-01,1940.699951171875,24.20800018310547,81.37000274658203,1.0997591018676758,0.007026271428912878,102.30000305175781,4.051000118255615,119.73500061035156
2023-08-02,1937.4000244140625,23.753999710083008,79.48999786376953,1.1007881164550781,0.006994474213570356,102.58999633789062,4.078000068664551,119.97000122070312
2023-08-03,1932.0,23.586000442504883,81.55000305175781,1.0944151878356934,0.006976225413382053,102.54000091552734,4.189000129699707,119.69999694824219
2023-08-04,1939.5999755859375,23.617000579833984,82.81999969482422,1.095158338546753,0.007012720685452223,102.0199966430664,4.059999942779541,119.80000305175781
2023-08-07,1933.5,23.142000198364258,81.94000244140625,1.1002674102783203,0.007048408035188913,102.05000305175781,4.078000068664551,119.61000061035156
2023-08-08,1924.0999755859375,22.716999053955078,82.91999816894531,1.100315809249878,0.007016362156718969,102.52999877929688,4.026000022888184,120.5999984741211
2023-08-09,1915.4000244140625,22.649999618530273,84.4000015258789,1.0958904027938843,0.006979438476264477,102.48999786376953,4.01200008392334,120.33499908447266
2023-08-10,1914.4000244140625,22.746000289916992,82.81999969482422,1.0977671146392822,0.0069576348178088665,102.5199966430664,4.079999923706055,120.1050033569336
2023-08-11,1912.9000244140625,22.673999786376953,83.19000244140625,1.0981649160385132,0.006903502624481916,102.83999633789062,4.168000221252441,119.33000183105469
2023-08-14,1910.5999755859375,22.643999099731445,82.51000213623047,1.094439148902893,0.006905266549438238,103.19000244140625,4.184000015258789,119.29000091552734
2023-08-15,1902.5,22.594999313354492,80.98999786376953,1.0909883975982666,0.006875829771161079,103.20999908447266,4.2210001945495605,118.90499877929688
2023-08-16,1896.0999755859375,22.479999542236328,79.37999725341797,1.0904173851013184,0.006867754273116589,103.41999816894531,4.257999897003174,119.20999908447266
2023-08-17,1884.0999755859375,22.670000076293945,80.38999938964844,1.0874884128570557,0.006833728868514299,103.44000244140625,4.308000087738037,118.87000274658203
2023-08-18,1886.0999755859375,22.69499969482422,81.25,1.0874648094177246,0.006862758193165064,103.37999725341797,4.250999927520752,119.4000015258789
2023-08-21,1893.300048828125,23.304000854492188,80.72000122070312,1.087559461593628,0.006882076151669025,103.33000183105469,4.3420000076293945,118.70999908447266
2023-08-22,1896.4000244140625,23.420000076293945,80.3499984741211,1.0898351669311523,0.006838167551904917,103.55999755859375,4.328000068664551,119.23500061035156
2023-08-23,1918.5,24.363000869750977,78.88999938964844,1.0846692323684692,0.006860451307147741,103.36000061035156,4.197999954223633,120.24500274658203
2023-08-24,1918.199951171875,24.211000442504883,79.05000305175781,1.086578607559204,0.0069121397100389,103.9800033569336,4.235000133514404,120.37999725341797
2023-08-25,1911.0999755859375,24.219999313354492,79.83000183105469,1.07991361618042,0.006846173200756311,104.08000183105469,4.238999843597412,120.0
2023-08-28,1917.9000244140625,24.238000869750977,80.0999984741211,1.0797386169433594,0.0068244943395257,104.05999755859375,4.211999893188477,119.86499786376953
2023-08-29,1936.5,24.777000427246094,81.16000366210938,1.0825556516647339,0.006827616132795811,103.55000305175781,4.122000217437744,120.36499786376953
2023-08-30,1944.300048828125,24.733999252319336,81.62999725341797,1.0869210958480835,0.0068498775362968445,103.16000366210938,4.118000030517578,120.12000274658203
2023-08-31,1938.199951171875,24.472000122070312,83.62999725341797,1.0932546854019165,0.0068446737714111805,103.62000274658203,4.0929999351501465,120.73500061035156
2023-09-01,1939.800048828125,24.23200035095215,85.55000305175781,1.0844104290008545,0.006874127313494682,104.23999786376953,4.172999858856201,120.1050033569336
2023-09-04,1939.800048828125,24.23200035095215,85.55000305175781,1.07758629322052,0.006846641656011343,104.23999786376953,4.172999858856201,119.83000183105469
2023-09-05,1926.199951171875,23.558000564575195,86.69000244140625,1.0794472694396973,0.00682393554598093,104.80999755859375,4.26800012588501,119.5250015258789
2023-09-06,1918.0999755859375,23.20599937438965,87.54000091552734,1.0726161003112793,0.006780994590371847,104.86000061035156,4.289999961853027,119.1449966430664
2023-09-07,1917.5,22.950000762939453,86.87000274658203,1.0724204778671265,0.006770068313926458,105.05999755859375,4.260000228881836,119.45999908447266
2023-09-08,1918.4000244140625,22.892000198364258,87.51000213623047,1.0697818994522095,0.006787437945604324,105.08999633789062,4.257999897003174,119.69000244140625
2023-09-11,1923.300048828125,23.10300064086914,87.29000091552734,1.071811318397522,0.006797495298087597,104.56999969482422,4.288000106811523,119.37000274658203
2023-09-12,1911.300048828125,23.12700080871582,88.83999633789062,1.0750375986099243,0.006817655172199011,104.70999908447266,4.263999938964844,119.29499816894531
2023-09-13,1909.0999755859375,22.91200065612793,88.5199966430664,1.075326681137085,0.0067954170517623425,104.7699966430664,4.249000072479248,119.2300033569336
2023-09-14,1910.0,22.74799919128418,90.16000366210938,1.0734220743179321,0.006786747369915247,105.41000366210938,4.288000106811523,119.6050033569336
2023-09-15,1923.699951171875,23.125999450683594,90.7699966430664,1.0637166500091553,0.006780488882213831,105.31999969482422,4.322000026702881,119.0199966430664
2023-09-18,1931.5,23.23200035095215,91.4800033569336,1.0668259859085083,0.0067627886310219765,105.19999694824219,4.318999767303467,118.5999984741211
2023-09-19,1932.0,23.194000244140625,91.19999694824219,1.0692671537399292,0.006774838548153639,105.19999694824219,4.364999771118164,118.40499877929688
2023-09-20,1945.5999755859375,23.57900047302246,90.27999877929688,1.0682048797607422,0.006768555846065283,105.16000366210938,4.348999977111816,118.68000030517578
2023-09-21,1919.199951171875,23.444000244140625,89.62999725341797,1.065303087234497,0.006742133758962154,105.36000061035156,4.480000019073486,118.5199966430664
2023-09-22,1925.4000244140625,23.59600067138672,90.02999877929688,1.0661548376083374,0.006773049011826515,105.58000183105469,4.438000202178955,118.5
2023-09-25,1916.5999755859375,23.145000457763672,89.68000030517578,1.0648492574691772,0.006737000774592161,106.0,4.541999816894531,118.11000061035156
2023-09-26,1900.4000244140625,22.950000762939453,90.38999938964844,1.0591648817062378,0.006719933357089758,106.2300033569336,4.558000087738037,118.04000091552734
2023-09-27,1871.5999755859375,22.476999282836914,93.68000030517578,1.0569483041763306,0.006709383334964514,106.66999816894531,4.625999927520752,117.76499938964844
2023-09-28,1860.4000244140625,22.514999389648438,91.70999908447266,1.0505305528640747,0.006689052563160658,106.22000122070312,4.5970001220703125,116.99500274658203
2023-09-29,1848.0999755859375,22.236000061035156,90.79000091552734,1.0562450885772705,0.0066962637938559055,106.16999816894531,4.572999954223633,117.79499816894531
2023-10-02,1830.0,21.218000411987305,88.81999969482422,1.0565240383148193,0.0066871740855276585,106.9000015258789,4.683000087738037,117.23500061035156
2023-10-03,1824.5999755859375,21.17799949645996,89.2300033569336,1.0480751991271973,0.006673295516520739,107.0,4.802000045776367,116.81999969482422
2023-10-04,1818.5,20.95599937438965,84.22000122070312,1.0472300052642822,0.006702772341668606,106.80000305175781,4.735000133514404,117.08499908447266
2023-10-05,1816.5999755859375,20.847999572753906,82.30999755859375,1.0507071018218994,0.006712940987199545,106.33000183105469,4.7170000076293945,117.54000091552734
2023-10-06,1830.199951171875,21.540000915527344,82.79000091552734,1.0546631813049316,0.006735685281455517,106.04000091552734,4.783999919891357,117.52999877929688
2023-10-09,1849.5,21.740999221801758,86.37999725341797,1.056747317314148,0.006704210303723812,106.08000183105469,4.796999931335449,118.46499633789062
2023-10-10,1861.0,21.775999069213867,85.97000122070312,1.0578875541687012,0.006741860881447792,105.83000183105469,4.65500020980835,118.33499908447266
2023-10-11,1872.800048828125,21.957000732421875,83.48999786376953,1.0604791641235352,0.006728207226842642,105.81999969482422,4.59499979019165,118.90499877929688
2023-10-12,1869.300048828125,21.79199981689453,82.91000366210938,1.0624282360076904,0.0067097884602844715,106.56999969482422,4.711999893188477,118.3550033569336
2023-10-13,1927.4000244140625,22.726999282836914,87.69000244140625,1.0536741018295288,0.006676013581454754,106.6500015258789,4.629000186920166,118.76499938964844
2023-10-16,1921.0999755859375,22.610000610351562,86.66000366210938,1.0521553754806519,0.006686011794954538,106.23999786376953,4.711999893188477,118.30500030517578
2023-10-17,1922.699951171875,22.863000869750977,86.66000366210938,1.0554312467575073,0.0066854748874902725,106.25,4.8470001220703125,117.6449966430664
2023-10-18,1955.300048828125,22.944000244140625,88.31999969482422,1.057305932044983,0.006677394732832909,106.56999969482422,4.9039998054504395,117.375
2023-10-19,1968.4000244140625,22.886999130249023,89.37000274658203,1.053851842880249,0.006678152829408646,106.25,4.98799991607666,117.36000061035156
2023-10-20,1982.5,23.35099983215332,88.75,1.0586491823196411,0.00667547807097435,106.16000366210938,4.923999786376953,117.6500015258789
2023-10-23,1976.300048828125,23.07200050354004,85.48999786376953,1.0589966773986816,0.006672004237771034,105.54000091552734,4.8379998207092285,117.82499694824219
2023-10-24,1975.0,22.979999542236328,83.73999786376953,1.0669853687286377,0.006676949094980955,106.2699966430664,4.840000152587891,117.98500061035156
2023-10-25,1984.0999755859375,22.87700080871582,85.38999938964844,1.059535264968872,0.006673161871731281,106.52999877929688,4.953000068664551,117.56500244140625
2023-10-26,1987.199951171875,22.78700065612793,83.20999908447266,1.056725025177002,0.00666231382638216,106.5999984741211,4.84499979019165,117.78500366210938
2023-10-27,1988.5999755859375,22.770000457763672,85.54000091552734,1.0564459562301636,0.0066504399292171,106.55999755859375,4.84499979019165,117.98999786376953
2023-10-30,1996.199951171875,23.281999588012695,82.30999755859375,1.0562450885772705,0.006678554229438305,106.12000274658203,4.875,118.0999984741211
2023-10-31,1985.199951171875,22.840999603271484,81.0199966430664,1.061503529548645,0.006706413812935352,106.66000366210938,4.875,118.23500061035156
2023-11-01,1978.800048828125,22.684999465942383,80.44000244140625,1.0579099655151367,0.006609647069126368,106.87999725341797,4.789000034332275,118.55999755859375
2023-11-02,1985.5999755859375,22.750999450683594,82.45999908447266,1.05870521068573,0.0066412086598575115,106.12000274658203,4.669000148773193,119.00499725341797
2023-11-03,1991.5,23.201000213623047,80.51000213623047,1.0619093179702759,0.00664465082809329,105.0199966430664,4.558000087738037,119.55999755859375
2023-11-06,1981.5999755859375,23.14900016784668,80.81999969482422,1.0732147693634033,0.006691245827823877,105.22000122070312,4.6620001792907715,118.83000183105469
2023-11-07,1966.800048828125,22.507999420166016,77.37000274658203,1.0721560716629028,0.006667155772447586,105.54000091552734,4.571000099182129,119.43000030517578
2023-11-08,1951.5,22.64699935913086,75.33000183105469,1.0696102380752563,0.00664911326020956,105.58999633789062,4.5229997634887695,119.83999633789062
2023-11-09,1964.199951171875,22.83099937438965,75.73999786376953,1.0710422992706299,0.006628486793488264,105.91000366210938,4.630000114440918,119.46499633789062
2023-11-10,1932.5999755859375,22.21500015258789,77.16999816894531,1.0667576789855957,0.0066072456538677216,105.86000061035156,4.627999782562256,119.06500244140625
2023-11-13,1945.5,22.298999786376953,78.26000213623047,1.069015622138977,0.006602011155337095,105.66000366210938,4.631999969482422,119.03500366210938
2023-11-14,1961.800048828125,23.07900047302246,78.26000213623047,1.0701825618743896,0.006594305392354727,104.11000061035156,4.440999984741211,119.99500274658203
2023-11-15,1960.0999755859375,23.485000610351562,76.66000366210938,1.0878314971923828,0.0066451807506382465,104.38999938964844,4.534999847412109,119.69499969482422
2023-11-16,1983.9000244140625,23.892000198364258,72.9000015258789,1.0854581594467163,0.006613100878894329,104.37000274658203,4.445000171661377,120.1449966430664
2023-11-17,1981.5999755859375,23.80900001525879,75.88999938964844,1.0853756666183472,0.006635479629039764,103.81999969482422,4.440999984741211,120.08499908447266
2023-11-20,1977.699951171875,23.57900047302246,77.5999984741211,1.090702772140503,0.006669245194643736,103.47000122070312,4.421999931335449,119.91999816894531
2023-11-21,1999.300048828125,23.843000411987305,77.7699966430664,1.0945948362350464,0.006740270648151636,103.58999633789062,4.418000221252441,120.45500183105469
2023-11-22,1991.4000244140625,23.672000885009766,77.0999984741211,1.0918222665786743,0.006749824620783329,103.91999816894531,4.415999889373779,120.44999694824219
2023-11-23,1991.4000244140625,23.672000885009766,77.0999984741211,1.0890873670578003,0.006690753158181906,103.91999816894531,4.415999889373779,119.99500274658203
2023-11-24,2002.199951171875,24.32900047302246,75.54000091552734,1.0906314849853516,0.006682928651571274,103.4000015258789,4.4720001220703125,119.82499694824219
2023-11-27,2011.800048828125,24.672000885009766,74.86000061035156,1.0940439701080322,0.006685788277536631,103.19999694824219,4.388999938964844,120.46499633789062
2023-11-28,2039.699951171875,24.93000030517578,76.41000366210938,1.0958423614501953,0.006736184470355511,102.75,4.335999965667725,120.94499969482422
2023-11-29,2047.0999755859375,25.07200050354004,77.86000061035156,1.100594401359558,0.0067998068407177925,102.7699966430664,4.270999908447266,121.58499908447266
2023-11-30,2038.0999755859375,25.292999267578125,75.95999908447266,1.0973695516586304,0.006800916511565447,103.5,4.3520002365112305,121.32499694824219
2023-12-01,2071.0,25.499000549316406,74.06999969482422,1.0892059803009033,0.0067568025551736355,103.2699966430664,4.22599983215332,122.19000244140625
2023-12-04,2024.0999755859375,24.55500030517578,73.04000091552734,1.088814616203308,0.006830927450209856,103.63999938964844,4.288000106811523,122.19000244140625
2023-12-05,2018.5,24.201000213623047,72.31999969482422,1.0837758779525757,0.006787622347474098,104.05000305175781,4.171000003814697,122.19000244140625
2023-12-06,2030.5,23.888999938964844,69.37999725341797,1.0793657302856445,0.006794170942157507,104.1500015258789,4.120999813079834,122.19000244140625
2023-12-07,2029.9000244140625,23.73200035095215,69.33999633789062,1.076669692993164,0.006794216576963663,103.54000091552734,4.129000186920166,123.7249984741211
2023-12-08,1998.300048828125,22.97100067138672,71.2300033569336,1.079214334487915,0.0069310637190938,104.01000213623047,4.244999885559082,123.09500122070312
2023-12-11,1978.0,22.773000717163086,71.31999969482422,1.0765769481658936,0.00689736008644104,104.0999984741211,4.238999843597412,123.11499786376953
2023-12-12,1977.800048828125,22.72800064086914,68.61000061035156,1.076658010482788,0.00684532942250371,103.87000274658203,4.205999851226807,123.48500061035156
2023-12-13,1982.300048828125,22.638999938964844,69.47000122070312,1.0798670053482056,0.006883259862661362,102.87000274658203,4.0329999923706055,123.94999694824219
2023-12-14,2030.199951171875,24.09600067138672,71.58000183105469,1.0886130332946777,0.007004125509411097,101.95999908447266,3.930000066757202,124.15499877929688
2023-12-15,2021.0999755859375,23.8700008392334,71.43000030517578,1.0993602275848389,0.007028443738818169,102.55000305175781,3.927999973297119,125.15499877929688
2023-12-18,2026.300048828125,23.83099937438965,72.47000122070312,1.0895264148712158,0.007026764564216137,102.51000213623047,3.9539999961853027,124.58000183105469
2023-12-19,2038.4000244140625,24.040000915527344,73.44000244140625,1.092382788658142,0.007006628438830376,102.16999816894531,3.921999931335449,125.1500015258789
2023-12-20,2034.5,24.347000122070312,74.22000122070312,1.0981045961380005,0.006949800997972488,102.41000366210938,3.877000093460083,125.51499938964844
2023-12-21,2039.0999755859375,24.30699920654297,73.88999938964844,1.0945708751678467,0.006967524532228708,101.83999633789062,3.8940000534057617,125.76499938964844
2023-12-22,2057.10009765625,24.290000915527344,73.55999755859375,1.100618600845337,0.00703878328204155,101.69999694824219,3.9010000228881836,125.59500122070312
2023-12-25,2057.10009765625,24.290000915527344,73.55999755859375,1.102657437324524,0.00702533358708024,101.69999694824219,3.9010000228881836,125.59500122070312
2023-12-26,2058.199951171875,24.143999099731445,75.56999969482422,1.1020255088806152,0.007030865643173456,101.47000122070312,3.885999917984009,125.59500122070312
2023-12-27,2081.89990234375,24.375,74.11000061035156,1.1043012142181396,0.007019464857876301,100.98999786376953,3.7890000343322754,126.23500061035156
2023-12-28,2073.89990234375,24.134000778198242,71.7699966430664,1.110864281654358,0.007072185631841421,101.2300033569336,3.8499999046325684,125.88500213623047
2023-12-29,2062.39990234375,23.85300064086914,71.6500015258789,1.1068191528320312,0.007070635911077261,101.33000183105469,3.865999937057495,125.27999877929688
2024-01-01,2062.39990234375,23.85300064086914,71.6500015258789,1.1055831909179688,0.007094614207744598,101.33000183105469,3.865999937057495,125.27999877929688
2024-01-02,2064.39990234375,23.732999801635742,70.37999725341797,1.1038745641708374,0.007085866294801235,102.19999694824219,3.946000099182129,124.66999816894531
2024-01-03,2034.199951171875,22.945999145507812,72.69999694824219,1.0941756963729858,0.00703457510098815,102.45999908447266,3.9070000648498535,125.18499755859375
2024-01-04,2042.300048828125,22.98900032043457,72.19000244140625,1.0927767753601074,0.006993056274950504,102.41999816894531,3.990999937057495,124.47000122070312
2024-01-05,2042.4000244140625,23.121999740600586,73.80999755859375,1.0947387218475342,0.0069077471271157265,102.41000366210938,4.041999816894531,124.13999938964844
2024-01-08,2026.5999755859375,23.1200008392334,70.7699966430664,1.0942236185073853,0.006910085678100586,102.20999908447266,4.001999855041504,124.24500274658203
2024-01-09,2026.4000244140625,22.90399932861328,72.23999786376953,1.095170259475708,0.006933370605111122,102.56999969482422,4.019000053405762,123.63999938964844
2024-01-10,2021.699951171875,22.884000778198242,71.37000274658203,1.0932426452636719,0.0069238655269145966,102.36000061035156,4.03000020980835,123.4749984741211
2024-01-11,2014.300048828125,22.53700065612793,72.0199966430664,1.0975141525268555,0.006861817091703415,102.29000091552734,3.9769999980926514,123.51000213623047
2024-01-12,2046.699951171875,23.16200065612793,72.68000030517578,1.0981649160385132,0.006894364487379789,102.4000015258789,3.950000047683716,124.09500122070312
2024-01-15,2046.699951171875,23.16200065612793,72.68000030517578,1.0945708751678467,0.006889472249895334,102.4000015258789,3.950000047683716,123.68000030517578
2024-01-16,2026.0,22.933000564575195,72.4000015258789,1.0945708751678467,0.006858992390334606,103.36000061035156,4.065999984741211,123.48500061035156
2024-01-17,2002.5999755859375,22.516000747680664,72.55999755859375,1.087878942489624,0.006791356019675732,103.44999694824219,4.105999946594238,123.05000305175781
2024-01-18,2018.5999755859375,22.66699981689453,74.08000183105469,1.0885775089263916,0.006751373875886202,103.54000091552734,4.144000053405762,122.79499816894531
2024-01-19,2026.5,22.570999145507812,73.41000366210938,1.0879143476486206,0.006750917993485928,103.29000091552734,4.145999908447266,122.87999725341797
2024-01-22,2019.800048828125,22.163000106811523,75.19000244140625,1.089229702949524,0.006751236971467733,103.33000183105469,4.093999862670898,123.1500015258789
2024-01-23,2023.699951171875,22.333999633789062,74.37000274658203,1.088020920753479,0.006750280037522316,103.62000274658203,4.142000198364258,122.62000274658203
2024-01-24,2013.9000244140625,22.7549991607666,75.08999633789062,1.0857881307601929,0.006745316553860903,103.23999786376953,4.177999973297119,122.72000122070312
2024-01-25,2016.9000244140625,22.808000564575195,77.36000061035156,1.088174819946289,0.006775480695068836,103.56999969482422,4.131999969482422,123.19499969482422
2024-01-26,2016.800048828125,22.7549991607666,78.01000213623047,1.0847046375274658,0.006769426167011261,103.47000122070312,4.159999847412109,123.08999633789062
2024-01-29,2025.199951171875,23.13800048828125,76.77999877929688,1.0843517780303955,0.006750371307134628,103.61000061035156,4.091000080108643,123.58000183105469
2024-01-30,2031.5,23.10700035095215,77.81999969482422,1.0834470987319946,0.006781131960451603,103.4000015258789,4.059000015258789,123.2699966430664
2024-01-31,2048.39990234375,23.051000595092773,75.8499984741211,1.08433997631073,0.0067856875248253345,103.2699966430664,3.9670000076293945,124.20500183105469
2024-02-01,2053.0,23.1299991607666,73.81999969482422,1.0803920030593872,0.006802906282246113,103.05000305175781,3.86299991607666,124.45999908447266
2024-02-02,2036.0999755859375,22.701000213623047,72.27999877929688,1.0874648094177246,0.006828222423791885,103.91999816894531,4.0329999923706055,123.58999633789062
2024-02-05,2025.699951171875,22.334999084472656,72.77999877929688,1.0780043601989746,0.006733960937708616,104.44999694824219,4.164000034332275,122.91999816894531
2024-02-06,2034.5,22.39299964904785,73.30999755859375,1.0741831064224243,0.006727664265781641,104.18000030517578,4.090000152587891,123.01499938964844
2024-02-07,2035.199951171875,22.277999877929688,73.86000061035156,1.075719952583313,0.006765076424926519,104.04000091552734,4.110000133514404,122.8550033569336
2024-02-08,2032.199951171875,22.565000534057617,76.22000122070312,1.077574610710144,0.006752832792699337,104.1500015258789,4.170000076293945,122.52999877929688
2024-02-09,2023.300048828125,22.527999877929688,76.83999633789062,1.0777255296707153,0.006699763238430023,104.08000183105469,4.186999797821045,122.3499984741211
2024-02-12,2018.199951171875,22.708999633789062,76.91999816894531,1.0798202753067017,0.006703895516693592,104.16999816894531,4.171999931335449,122.5250015258789
2024-02-13,1992.9000244140625,22.09600067138672,77.87000274658203,1.0772264003753662,0.006693216506391764,104.95999908447266,4.315999984741211,122.29499816894531
2024-02-14,1990.300048828125,22.33099937438965,76.63999938964844,1.0708931684494019,0.00663464330136776,104.72000122070312,4.267000198364258,122.70500183105469
2024-02-15,2002.0999755859375,22.91200065612793,78.02999877929688,1.0732147693634033,0.006642575841397047,104.30000305175781,4.239999771118164,122.59500122070312
2024-02-16,2011.5,23.43899917602539,79.19000244140625,1.0773887634277344,0.006669067777693272,104.27999877929688,4.295000076293945,122.2699966430664
2024-02-19,2011.5,23.43899917602539,79.19000244140625,1.0784927606582642,0.0066626244224607944,104.27999877929688,4.295000076293945,122.12000274658203
2024-02-20,2027.5,23.106000900268555,78.18000030517578,1.0775396823883057,0.006654688157141209,104.08000183105469,4.275000095367432,122.49500274658203
2024-02-21,2022.300048828125,22.85099983215332,77.91000366210938,1.0813149213790894,0.0066693793050944805,104.01000213623047,4.324999809265137,121.88500213623047
2024-02-22,2019.699951171875,22.764999389648438,78.61000061035156,1.0820403099060059,0.006650926545262337,103.95999908447266,4.327000141143799,121.99500274658203
2024-02-23,2038.5999755859375,22.9689998626709,76.48999786376953,1.0825674533843994,0.006645268760621548,103.94000244140625,4.260000228881836,122.625
2024-02-26,2028.5,22.517000198364258,77.58000183105469,1.0820051431655884,0.006644606590270996,103.83000183105469,4.298999786376953,121.95500183105469
2024-02-27,2034.0,22.523000717163086,78.87000274658203,1.0850930213928223,0.006641605868935585,103.83000183105469,4.315000057220459,121.75
2024-02-28,2033.0,22.40999984741211,78.54000091552734,1.084481120109558,0.006644739303737879,103.9800033569336,4.27400016784668,121.78500366210938
2024-02-29,2045.699951171875,22.666000366210938,78.26000213623047,1.0838816165924072,0.006637637969106436,104.16000366210938,4.251999855041504,122.30500030517578
2024-03-01,2086.89990234375,23.149999618530273,79.97000122070312,1.0804970264434814,0.00666244700551033,103.86000061035156,4.179999828338623,122.19499969482422
2024-03-04,2117.699951171875,23.77899932861328,78.73999786376953,1.084269404411316,0.006662003230303526,103.83000183105469,4.218999862670898,122.29499816894531
2024-03-05,2133.5,23.76300048828125,78.1500015258789,1.0855170488357544,0.006646019406616688,103.80000305175781,4.13700008392334,123.0199966430664
2024-03-06,2150.300048828125,24.27199935913086,79.12999725341797,1.0855995416641235,0.006664489861577749,103.37000274658203,4.104000091552734,122.96499633789062
2024-03-07,2158.0,24.3700008392334,78.93000030517578,1.089953899383545,0.006699314806610346,102.81999969482422,4.0920000076293945,123.25
2024-03-08,2178.60009765625,24.339000701904297,78.01000213623047,1.0950144529342651,0.0067627886310219765,102.73999786376953,4.089000225067139,123.53500366210938
2024-03-11,2182.5,24.511999130249023,77.93000030517578,1.0942955017089844,0.006813195534050465,102.87000274658203,4.104000091552734,123.22000122070312
2024-03-12,2160.39990234375,24.194000244140625,77.55999755859375,1.093135118484497,0.006815146189182997,102.95999908447266,4.15500020980835,123.01499938964844
2024-03-13,2175.39990234375,24.958999633789062,79.72000122070312,1.0927767753601074,0.006774195469915867,102.79000091552734,4.191999912261963,122.69999694824219
2024-03-14,2163.0,24.874000549316406,81.26000213623047,1.0955302715301514,0.006774103734642267,103.36000061035156,4.297999858856201,122.23500061035156
2024-03-15,2157.300048828125,25.200000762939453,81.04000091552734,1.0883406400680542,0.006743269972503185,103.43000030517578,4.303999900817871,122.13999938964844
2024-03-18,2160.699951171875,25.090999603271484,82.72000122070312,1.0882576704025269,0.006713436916470528,103.58000183105469,4.340000152587891,121.9800033569336
2024-03-19,2156.300048828125,24.964000701904297,83.47000122070312,1.087393879890442,0.0067049297504127026,103.80999755859375,4.296999931335449,121.97000122070312
2024-03-20,2157.89990234375,24.933000564575195,81.68000030517578,1.0863306522369385,0.006620981730520725,103.41000366210938,4.2729997634887695,122.12999725341797
2024-03-21,2182.39990234375,24.849000930786133,81.06999969482422,1.0937210321426392,0.006633059587329626,104.0,4.270999908447266,122.3949966430664
2024-03-22,2158.10009765625,24.691999435424805,80.62999725341797,1.0862362384796143,0.006594870705157518,104.43000030517578,4.2179999351501465,123.0999984741211
2024-03-25,2174.800048828125,24.7450008392334,81.94999694824219,1.0807539224624634,0.006609167438000441,104.2300033569336,4.252999782562256,122.7249984741211
2024-03-26,2175.60009765625,24.482999801635742,81.62000274658203,1.0838228464126587,0.006606197915971279,104.29000091552734,4.234000205993652,122.9000015258789
2024-03-27,2190.60009765625,24.625,81.3499984741211,1.0832358598709106,0.006599353160709143,104.3499984741211,4.196000099182129,123.38999938964844
2024-03-28,2217.39990234375,24.797000885009766,83.16999816894531,1.0813382863998413,0.006609953008592129,104.55000305175781,4.205999851226807,123.43499755859375
2024-03-29,2217.39990234375,24.797000885009766,83.16999816894531,1.0794472694396973,0.0066032749600708485,104.55000305175781,4.205999851226807,123.43499755859375
2024-04-01,2236.5,24.95400047302246,83.70999908447266,1.0792726278305054,0.006605107337236404,105.0199966430664,4.328999996185303,123.43499755859375
2024-04-02,2261.0,25.804000854492188,85.1500015258789,1.0737217664718628,0.006597133353352547,104.81999969482422,4.364999771118164,122.44499969482422
2024-04-03,2294.39990234375,26.94499969482422,85.43000030517578,1.076855182647705,0.006598918233066797,104.25,4.355000019073486,122.55999755859375
2024-04-04,2288.800048828125,27.139999389648438,86.58999633789062,1.0838346481323242,0.006597133353352547,104.12000274658203,4.309000015258789,122.83999633789062
2024-04-05,2325.699951171875,27.399999618530273,86.91000366210938,1.0837054252624512,0.006609734613448381,104.30000305175781,4.377999782562256,122.54499816894531
2024-04-08,2331.699951171875,27.711999893188477,86.43000030517578,1.0830481052398682,0.006592392455786467,104.13999938964844,4.423999786376953,122.29000091552734
2024-04-09,2343.5,27.891000747680664,85.2300033569336,1.0863661766052246,0.006585749797523022,104.1500015258789,4.366000175476074,122.88999938964844
2024-04-10,2329.60009765625,27.961000442504883,86.20999908447266,1.0859296321868896,0.006588614080101252,105.25,4.559999942779541,122.45999908447266
2024-04-11,2354.800048828125,28.176000595092773,85.0199966430664,1.074171543121338,0.006537485867738724,105.27999877929688,4.576000213623047,122.04000091552734
2024-04-12,2356.199951171875,28.2549991607666,85.66000366210938,1.0726851224899292,0.0065277558751404285,106.04000091552734,4.499000072479248,123.0250015258789
2024-04-15,2365.800048828125,28.650999069213867,85.41000366210938,1.0649627447128296,0.0065238806419074535,106.20999908447266,4.627999782562256,122.25
2024-04-16,2390.800048828125,28.31800079345703,85.36000061035156,1.0625749826431274,0.006484832148998976,106.26000213623047,4.658999919891357,121.95500183105469
2024-04-17,2371.699951171875,28.34600067138672,82.69000244140625,1.0621461868286133,0.006464207544922829,105.94999694824219,4.585000038146973,122.12000274658203
2024-04-18,2382.300048828125,28.32900047302246,82.7300033569336,1.0669398307800293,0.0064791180193424225,106.1500015258789,4.646999835968018,121.94000244140625
2024-04-19,2398.39990234375,28.808000564575195,83.13999938964844,1.0644185543060303,0.006467886734753847,106.1500015258789,4.614999771118164,121.8949966430664
2024-04-22,2332.199951171875,27.21299934387207,82.8499984741211,1.065825343132019,0.00646663224324584,106.08000183105469,4.623000144958496,121.94000244140625
2024-04-23,2327.699951171875,27.33099937438965,83.36000061035156,1.065405249595642,0.006459405645728111,105.69000244140625,4.5980000495910645,121.77999877929688
2024-04-24,2324.5,27.323999404907227,82.80999755859375,1.0704345703125,0.00646228576079011,105.86000061035156,4.6519999504089355,121.20999908447266
2024-04-25,2329.800048828125,27.341999053955078,83.56999969482422,1.0699878931045532,0.00644085044041276,105.5999984741211,4.705999851226807,120.86499786376953
2024-04-26,2334.800048828125,27.240999221801758,83.8499984741211,1.072961449623108,0.0064268591813743114,105.94000244140625,4.669000148773193,121.23500061035156
2024-04-29,2345.39990234375,27.37299919128418,82.62999725341797,1.0706866979599,0.006320153828710318,105.58000183105469,4.613999843597412,121.66500091552734
2024-04-30,2291.39990234375,26.391000747680664,81.93000030517578,1.0715701580047607,0.006397380027920008,106.22000122070312,4.685999870300293,121.24500274658203
2024-05-01,2299.89990234375,26.48900032043457,79.0,1.0666552782058716,0.006340269464999437,105.76000213623047,4.59499979019165,121.24500274658203
2024-05-02,2299.199951171875,26.58300018310547,78.94999694824219,1.0721560716629028,0.006422442849725485,105.30000305175781,4.571000099182129,121.55000305175781
2024-05-03,2299.0,26.44499969482422,78.11000061035156,1.073306918144226,0.006534026004374027,105.02999877929688,4.5,122.01000213623047
2024-05-06,2321.60009765625,27.368999481201172,78.4800033569336,1.0758124589920044,0.006511858198791742,105.05000305175781,4.488999843597412,122.18499755859375
2024-05-07,2315.199951171875,27.30299949645996,78.37999725341797,1.0767507553100586,0.006483528763055801,105.41000366210938,4.4629998207092285,122.58999633789062
2024-05-08,2313.60009765625,27.361000061035156,78.98999786376953,1.0750491619110107,0.0064621190540492535,105.55000305175781,4.492000102996826,122.2699966430664
2024-05-09,2332.10009765625,28.131999969482422,79.26000213623047,1.0746910572052002,0.006434219423681498,105.2300033569336,4.448999881744385,121.98500061035156
2024-05-10,2367.300048828125,28.274999618530273,78.26000213623047,1.078515887260437,0.006435461807996035,105.30999755859375,4.504000186920166,121.76499938964844
2024-05-13,2336.10009765625,28.22100067138672,79.12000274658203,1.077040672302246,0.0064177438616752625,105.22000122070312,4.480999946594238,121.82499694824219
2024-05-14,2353.39990234375,28.485000610351562,78.0199966430664,1.079354166984558,0.006400696467608213,105.01000213623047,4.445000171661377,121.53500366210938
2024-05-15,2388.699951171875,29.513999938964844,78.62999725341797,1.0814552307128906,0.006389858201146126,104.3499984741211,4.355999946594238,122.62999725341797
2024-05-16,2380.0,29.665000915527344,79.2300033569336,1.0889805555343628,0.006481637712568045,104.45999908447266,4.376999855041504,122.36000061035156
2024-05-17,2412.199951171875,31.047000885009766,80.05999755859375,1.0867793560028076,0.0064358762465417385,104.44999694824219,4.420000076293945,121.80500030517578
2024-05-20,2433.89990234375,32.20500183105469,79.80000305175781,1.0875475406646729,0.006420380901545286,104.56999969482422,4.436999797821045,121.69499969482422
2024-05-21,2421.699951171875,31.868000030517578,79.26000213623047,1.086082935333252,0.006395088974386454,104.66000366210938,4.414000034332275,121.90499877929688
2024-05-22,2389.199951171875,31.295000076293945,77.56999969482422,1.0855170488357544,0.006399958860129118,104.94000244140625,4.434000015258789,121.63500213623047
2024-05-23,2335.0,30.284000396728516,76.87000274658203,1.0825204849243164,0.0063814581371843815,105.11000061035156,4.474999904632568,121.19000244140625
2024-05-24,2332.5,30.329999923706055,77.72000122070312,1.0812681913375854,0.006370522081851959,104.72000122070312,4.4670000076293945,121.33499908447266
2024-05-27,2332.5,30.329999923706055,77.72000122070312,1.0847634077072144,0.006374705582857132,104.72000122070312,4.4670000076293945,121.59500122070312
2024-05-28,2355.199951171875,31.97100067138672,79.83000183105469,1.0861891508102417,0.00637572119012475,104.61000061035156,4.541999816894531,121.2699966430664
2024-05-29,2340.300048828125,32.202999114990234,79.2300033569336,1.0851871967315674,0.006358815357089043,105.0999984741211,4.624000072479248,120.54000091552734
2024-05-30,2342.89990234375,31.38800048828125,77.91000366210938,1.0801819562911987,0.006344855297356844,104.72000122070312,4.553999900817871,120.80999755859375
2024-05-31,2322.89990234375,30.297000885009766,76.98999786376953,1.0835410356521606,0.006371334195137024,104.66999816894531,4.513999938964844,120.80000305175781
2024-06-03,2346.60009765625,30.641000747680664,74.22000122070312,1.0853049755096436,0.006362132728099823,104.13999938964844,4.4019999504089355,121.37999725341797
2024-06-04,2325.5,29.488000869750977,73.25,1.0907385349273682,0.00640713470056653,104.11000061035156,4.335999965667725,121.70999908447266
2024-06-05,2354.10009765625,29.947999954223633,74.06999969482422,1.0881866216659546,0.00644645607098937,104.2699966430664,4.289000034332275,122.0199966430664
2024-06-06,2370.300048828125,31.246999740600586,75.55000305175781,1.087453007698059,0.006413175258785486,104.0999984741211,4.281000137329102,121.75499725341797
2024-06-07,2305.199951171875,29.334999084472656,75.52999877929688,1.0894432067871094,0.006422731094062328,104.88999938964844,4.429999828338623,121.16500091552734
2024-06-10,2307.699951171875,29.768999099731445,77.73999786376953,1.0778882503509521,0.006376209203153849,105.1500015258789,4.468999862670898,120.70999908447266
2024-06-11,2307.5,29.132999420166016,77.9000015258789,1.0764262676239014,0.006367804482579231,105.2300033569336,4.4039998054504395,121.08499908447266
2024-06-12,2336.0,30.176000595092773,78.5,1.0740330219268799,0.006365169771015644,104.6500015258789,4.295000076293945,121.86000061035156
2024-06-13,2300.199951171875,28.989999771118164,78.62000274658203,1.0813149213790894,0.006377550773322582,105.19999694824219,4.23799991607666,121.06999969482422
2024-06-14,2331.39990234375,29.402000427246094,78.44999694824219,1.0738831758499146,0.006364237982779741,105.55000305175781,4.2129998207092285,122.20500183105469
2024-06-17,2312.39990234375,29.325000762939453,80.33000183105469,1.0702168941497803,0.006347352173179388,105.31999969482422,4.2789998054504395,121.67500305175781
2024-06-18,2330.39990234375,29.5049991607666,81.56999969482422,1.0740677118301392,0.006341154221445322,105.26000213623047,4.2170000076293945,121.90499877929688
2024-06-19,2330.39990234375,29.5049991607666,81.56999969482422,1.0742292404174805,0.006334285717457533,105.26000213623047,4.2170000076293945,121.80999755859375
2024-06-20,2353.800048828125,30.775999069213867,82.16999816894531,1.0751532316207886,0.006330796983093023,105.58999633789062,4.254000186920166,121.66500091552734
2024-06-21,2316.39990234375,29.572999954223633,80.7300033569336,1.0706409215927124,0.006292038597166538,105.80000305175781,4.256999969482422,121.7300033569336
2024-06-24,2330.0,29.48900032043457,81.62999725341797,1.0687757730484009,0.006255434826016426,105.47000122070312,4.248000144958496,121.55500030517578
2024-06-25,2316.60009765625,28.836999893188477,80.83000183105469,1.0732723474502563,0.006262289360165596,105.61000061035156,4.23799991607666,121.70999908447266
2024-06-26,2299.199951171875,28.909000396728516,80.9000015258789,1.0709619522094727,0.006262289360165596,106.05000305175781,4.315999984741211,121.375
2024-06-27,2324.5,28.917999267578125,81.73999786376953,1.068010926246643,0.006225835997611284,105.91000366210938,4.288000106811523,121.47000122070312
2024-06-28,2327.699951171875,29.23699951171875,81.54000091552734,1.0708472728729248,0.0062232790514826775,105.87000274658203,4.3429999351501465,121.13999938964844
2024-07-01,2327.60009765625,29.299999237060547,83.37999725341797,1.0735257863998413,0.006214770022779703,105.9000015258789,4.479000091552734,120.20500183105469
2024-07-02,2323.0,29.35300064086914,82.80999755859375,1.0737102031707764,0.006191490683704615,105.72000122070312,4.435999870300293,120.12000274658203
2024-07-03,2359.800048828125,30.54800033569336,83.87999725341797,1.0748412609100342,0.006191797088831663,105.4000015258789,4.355000019073486,120.5250015258789
2024-07-04,2359.800048828125,30.54800033569336,83.87999725341797,1.0793308019638062,0.006187314633280039,105.4000015258789,4.355000019073486,120.36499786376953
2024-07-05,2388.5,31.38800048828125,83.16000366210938,1.0810693502426147,0.0061973994597792625,104.87999725341797,4.271999835968018,120.79000091552734
2024-07-08,2355.199951171875,30.618000030517578,82.33000183105469,1.082602620124817,0.006225177086889744,105.01000213623047,4.269000053405762,120.90499877929688
2024-07-09,2360.10009765625,30.77199935913086,81.41000366210938,1.0830950736999512,0.006216702051460743,105.12000274658203,4.300000190734863,120.55999755859375
2024-07-10,2372.199951171875,30.726999282836914,82.0999984741211,1.0814785957336426,0.006198436953127384,105.05000305175781,4.28000020980835,120.94999694824219
2024-07-11,2415.0,31.393999099731445,82.62000274658203,1.083329677581787,0.006187851075083017,104.44000244140625,4.192999839782715,121.4800033569336
2024-07-12,2414.0,30.88599967956543,82.20999908447266,1.0872756242752075,0.006321072578430176,104.08999633789062,4.189000129699707,121.30000305175781
2024-07-15,2422.89990234375,30.672000885009766,81.91000366210938,1.0885539054870605,0.006316600367426872,104.19000244140625,4.229000091552734,121.56999969482422
2024-07-16,2462.39990234375,31.19499969482422,80.76000213623047,1.0901559591293335,0.006323470734059811,104.2699966430664,4.166999816894531,121.8550033569336
2024-07-17,2454.800048828125,30.136999130249023,82.8499984741211,1.0902509689331055,0.006315124686807394,103.75,4.145999908447266,121.95999908447266
2024-07-18,2451.800048828125,29.9950008392334,82.81999969482422,1.094020128250122,0.006423185113817453,104.16999816894531,4.189000129699707,122.05500030517578
2024-07-19,2395.5,29.08799934387207,80.12999725341797,1.0901559591293335,0.006363347172737122,104.4000015258789,4.238999843597412,121.6050033569336
2024-07-22,2392.0,29.124000549316406,79.77999877929688,1.0899182558059692,0.0063523524440824986,104.30999755859375,4.260000228881836,121.36000061035156
2024-07-23,2404.60009765625,29.131999969482422,76.95999908447266,1.0889805555343628,0.0063738515600562096,104.44999694824219,4.238999843597412,121.84500122070312
2024-07-24,2413.300048828125,29.115999221801758,77.58999633789062,1.0850694179534912,0.006419803481549025,104.38999938964844,4.285999774932861,121.86000061035156
2024-07-25,2351.89990234375,27.80699920654297,78.27999877929688,1.0839520692825317,0.0064981053583323956,104.36000061035156,4.25600004196167,122.16999816894531
2024-07-26,2380.0,27.860000610351562,77.16000366210938,1.0851283073425293,0.006506307516247034,104.31999969482422,4.199999809265137,122.23999786376953
2024-07-29,2377.300048828125,27.702999114990234,75.80999755859375,1.0853756666183472,0.006487650331109762,104.55999755859375,4.177999973297119,122.61499786376953
2024-07-30,2405.0,28.364999771118164,74.7300033569336,1.081946611404419,0.006500556133687496,104.55000305175781,4.14300012588501,122.73500061035156
2024-07-31,2426.5,28.777999877929688,77.91000366210938,1.0816072225570679,0.006550075486302376,104.0999984741211,4.109000205993652,123.125
2024-08-01,2435.0,28.33099937438965,76.30999755859375,1.082391619682312,0.00667806388810277,104.41999816894531,3.9760000705718994,123.66500091552734
2024-08-02,2425.699951171875,28.246000289916992,73.5199966430664,1.0787602663040161,0.006702367682009935,103.20999908447266,3.7920000553131104,124.27999877929688
2024-08-05,2401.699951171875,27.076000213623047,72.94000244140625,1.0910836458206177,0.006868886761367321,102.69000244140625,3.7850000858306885,124.33999633789062
2024-08-06,2389.10009765625,27.09600067138672,73.19999694824219,1.0950982570648193,0.006859181448817253,102.97000122070312,3.888000011444092,124.16999816894531
2024-08-07,2390.5,26.829999923706055,75.2300033569336,1.0926215648651123,0.0069093224592506886,103.19999694824219,3.9679999351501465,123.44999694824219
2024-08-08,2422.199951171875,27.5,76.19000244140625,1.0928125381469727,0.006843503098934889,103.20999908447266,3.996999979019165,123.55999755859375
2024-08-09,2432.10009765625,27.48699951171875,76.83999633789062,1.0915720462799072,0.006771901622414589,103.13999938964844,3.941999912261963,123.88999938964844
2024-08-12,2462.39990234375,27.91699981689453,80.05999755859375,1.091381311416626,0.006800777744501829,103.13999938964844,3.9089999198913574,123.80999755859375
2024-08-13,2466.699951171875,27.69499969482422,78.3499984741211,1.0936251878738403,0.006803554482758045,102.55999755859375,3.8519999980926514,124.30999755859375
2024-08-14,2439.39990234375,27.253999710083008,76.9800033569336,1.0996986627578735,0.00680406391620636,102.56999969482422,3.819999933242798,124.20500183105469
2024-08-15,2453.10009765625,28.341999053955078,78.16000366210938,1.1013215780258179,0.00679103285074234,102.9800033569336,3.9260001182556152,123.58000183105469
2024-08-16,2498.60009765625,28.777999877929688,76.6500015258789,1.0972732305526733,0.006701424717903137,102.45999908447266,3.8919999599456787,123.66000366210938
2024-08-19,2501.800048828125,29.239999771118164,74.37000274658203,1.1024993658065796,0.006758766248822212,101.88999938964844,3.867000102996826,123.61499786376953
2024-08-20,2511.300048828125,29.454999923706055,74.04000091552734,1.1086474657058716,0.0068166786804795265,101.44000244140625,3.818000078201294,124.01499938964844
2024-08-21,2508.39990234375,29.47599983215332,71.93000030517578,1.112792730331421,0.006880086846649647,101.04000091552734,3.7780001163482666,124.125
2024-08-22,2478.89990234375,29.006000518798828,73.01000213623047,1.115536093711853,0.006890944205224514,101.51000213623047,3.861999988555908,123.73500061035156
2024-08-23,2508.39990234375,29.785999298095703,74.83000183105469,1.111716389656067,0.006839851848781109,100.72000122070312,3.806999921798706,123.95999908447266
2024-08-26,2517.699951171875,29.976999282836914,77.41999816894531,1.1187934875488281,0.0069444444961845875,100.8499984741211,3.818000078201294,123.7699966430664
2024-08-27,2516.0,29.951000213623047,75.52999877929688,1.1164700984954834,0.006919648498296738,100.55000305175781,3.8329999446868896,123.44499969482422
2024-08-28,2501.0,29.176000595092773,74.5199966430664,1.117793083190918,0.006945650093257427,101.08999633789062,3.8410000801086426,123.66999816894531
2024-08-29,2525.699951171875,29.55699920654297,75.91000366210938,1.1124955415725708,0.006923625711351633,101.33999633789062,3.867000102996826,123.5199966430664
2024-08-30,2493.800048828125,28.731000900268555,73.55000305175781,1.1080454587936401,0.006901787593960762,101.69999694824219,3.9110000133514404,123.38500213623047
2024-09-02,2493.800048828125,28.731000900268555,73.55000305175781,1.1044842004776,0.006831487640738487,101.69999694824219,3.9110000133514404,123.05500030517578
2024-09-03,2489.89990234375,27.951000213623047,70.33999633789062,1.1067456007003784,0.0068156104534864426,101.83000183105469,3.8440001010894775,123.63999938964844
2024-09-04,2493.39990234375,28.16699981689453,69.19999694824219,1.1048868894577026,0.006879803258925676,101.36000061035156,3.7679998874664307,124.12999725341797
2024-09-05,2511.39990234375,28.719999313354492,69.1500015258789,1.1080454587936401,0.006977198179811239,101.11000061035156,3.7309999465942383,124.23500061035156
2024-09-06,2493.5,27.808000564575195,67.66999816894531,1.1111111640930176,0.0069738407619297504,101.18000030517578,3.7100000381469727,124.54000091552734
2024-09-09,2501.800048828125,28.291000366210938,68.70999908447266,1.1087212562561035,0.007018233649432659,101.55000305175781,3.697000026702881,124.53500366210938
2024-09-10,2512.300048828125,28.256999969482422,65.75,1.1037527322769165,0.0069843619130551815,101.62999725341797,3.6459999084472656,124.81999969482422
2024-09-11,2512.10009765625,28.562999725341797,67.30999755859375,1.1020983457565308,0.007030668202787638,101.68000030517578,3.6530001163482666,125.20500183105469
2024-09-12,2551.199951171875,29.743000030517578,68.97000122070312,1.1010911464691162,0.007013114634901285,101.37000274658203,3.680000066757202,124.7249984741211
2024-09-13,2581.300048828125,30.698999404907227,68.6500015258789,1.1077877283096313,0.0070671881549060345,101.11000061035156,3.6500000953674316,124.75499725341797
2024-09-16,2580.39990234375,30.770999908447266,70.08999633789062,1.1088441610336304,0.00710277771577239,100.76000213623047,3.621000051498413,125.06999969482422
2024-09-17,2564.300048828125,30.618999481201172,71.19000244140625,1.1129536628723145,0.00710277771577239,100.88999938964844,3.6419999599456787,124.83999633789062
2024-09-18,2570.699951171875,30.340999603271484,70.91000366210938,1.1123099327087402,0.0070415097288787365,100.5999984741211,3.684999942779541,124.44000244140625
2024-09-19,2588.0,31.0939998626709,71.94999694824219,1.1114816665649414,0.007007217034697533,100.61000061035156,3.740000009536743,124.37000274658203
2024-09-20,2619.89990234375,31.176000595092773,71.91999816894531,1.1161960363388062,0.006999957840889692,100.72000122070312,3.7279999256134033,124.11000061035156
2024-09-23,2626.5,30.767000198364258,70.37000274658203,1.1160838603973389,0.006944251712411642,100.91999816894531,3.739000082015991,124.54499816894531
2024-09-24,2651.199951171875,32.111000061035156,71.55999755859375,1.1111727952957153,0.0069619459100067616,100.37000274658203,3.7360000610351562,124.88500213623047
2024-09-25,2659.199951171875,31.697999954223633,69.69000244140625,1.1191190481185913,0.006994816940277815,100.91999816894531,3.7809998989105225,124.6050033569336
2024-09-26,2669.89990234375,32.025001525878906,67.66999816894531,1.1131023168563843,0.006911661941558123,100.55999755859375,3.7909998893737793,124.66500091552734
2024-09-27,2644.300048828125,31.518999099731445,68.18000030517578,1.117717981338501,0.006892938632518053,100.41999816894531,3.749000072479248,124.8949966430664
2024-09-30,2636.10009765625,31.163999557495117,68.16999816894531,1.1169815063476562,0.007003634702414274,100.77999877929688,3.802000045776367,124.9800033569336
2024-10-01,2667.300048828125,31.44499969482422,69.83000183105469,1.113660216331482,0.006958457641303539,101.19000244140625,3.743000030517578,125.80000305175781
2024-10-02,2647.10009765625,31.628000259399414,70.0999984741211,1.1063904762268066,0.006957199890166521,101.68000030517578,3.7850000858306885,125.33999633789062
2024-10-03,2657.10009765625,32.18899917602539,73.70999908447266,1.1048502922058105,0.0068221199326217175,101.98999786376953,3.8499999046325684,125.0199966430664
2024-10-04,2645.800048828125,32.12799835205078,74.37999725341797,1.103557825088501,0.006810133811086416,102.5199966430664,3.9809999465942383,124.41999816894531
2024-10-07,2644.800048828125,31.7450008392334,77.13999938964844,1.0974539518356323,0.006719526834785938,102.54000091552734,4.026000022888184,124.05999755859375
2024-10-08,2615.0,30.354999542236328,73.56999969482422,1.0975743532180786,0.006750097963958979,102.55000305175781,4.0329999923706055,124.06500244140625
2024-10-09,2606.0,30.424999237060547,73.23999786376953,1.0975743532180786,0.006749505642801523,102.93000030517578,4.066999912261963,123.92500305175781
2024-10-10,2620.60009765625,31.0049991607666,75.8499984741211,1.0943313837051392,0.006704210303723812,102.98999786376953,4.0960001945495605,124.08000183105469
2024-10-11,2657.60009765625,31.520000457763672,75.55999755859375,1.0933860540390015,0.0067247687838971615,102.88999938964844,4.072999954223633,123.91000366210938
2024-10-14,2647.800048828125,31.08300018310547,73.83000183105469,1.0925379991531372,0.006696398835629225,103.30000305175781,4.0980000495910645,123.8949966430664
2024-10-15,2661.39990234375,31.527000427246094,70.58000183105469,1.0909169912338257,0.006681365892291069,103.26000213623047,4.038000106811523,124.24500274658203
2024-10-16,2674.0,31.760000228881836,70.38999938964844,1.0884116888046265,0.006706953048706055,103.58999633789062,4.015999794006348,124.76000213623047
2024-10-17,2691.0,31.572999954223633,70.66999816894531,1.0862481594085693,0.006685564294457436,103.83000183105469,4.0960001945495605,124.55999755859375
2024-10-18,2713.699951171875,33.03200149536133,69.22000122070312,1.0829542875289917,0.006662224885076284,103.48999786376953,4.072999954223633,124.79499816894531
2024-10-21,2723.10009765625,33.86899948120117,70.55999755859375,1.0868619680404663,0.006684491876512766,104.01000213623047,4.182000160217285,123.95500183105469
2024-10-22,2744.199951171875,34.83100128173828,72.08999633789062,1.0817828178405762,0.0066398861818015575,104.08000183105469,4.203999996185303,123.61499786376953
2024-10-23,2714.39990234375,33.63999938964844,70.7699966430664,1.079727053642273,0.006616469472646713,104.43000030517578,4.242000102996826,123.71499633789062
2024-10-24,2734.89990234375,33.611000061035156,70.19000244140625,1.0780508518218994,0.006545830983668566,104.05999755859375,4.199999809265137,124.2249984741211
2024-10-25,2740.89990234375,33.60300064086914,71.77999877929688,1.0824151039123535,0.006588352844119072,104.26000213623047,4.23199987411499,124.01000213623047
2024-10-28,2742.89990234375,33.83000183105469,67.37999725341797,1.0796570777893066,0.006537999026477337,104.31999969482422,4.2779998779296875,123.92500305175781
2024-10-29,2768.39990234375,34.26900100708008,67.20999908447266,1.0816774368286133,0.006528310012072325,104.27999877929688,4.27400016784668,123.6050033569336
2024-10-30,2788.5,33.91400146484375,68.61000061035156,1.0820636749267578,0.006524263881146908,103.98999786376953,4.265999794006348,123.40499877929688
2024-10-31,2738.300048828125,32.65299987792969,69.26000213623047,1.0859178304672241,0.006527245044708252,103.9800033569336,4.283999919891357,123.26499938964844
2024-11-01,2738.60009765625,32.54199981689453,69.48999786376953,1.0886130332946777,0.006579813547432423,104.27999877929688,4.361000061035156,123.21499633789062
2024-11-04,2736.10009765625,32.47999954223633,71.47000122070312,1.087453007698059,0.006566548720002174,103.88999938964844,4.309000015258789,123.46499633789062
2024-11-05,2740.300048828125,32.654998779296875,71.98999786376953,1.0874056816101074,0.006567022763192654,103.41999816894531,4.289000034332275,123.16000366210938
2024-11-06,2667.60009765625,31.22100067138672,71.69000244140625,1.093445897102356,0.006603493355214596,105.08999633789062,4.426000118255615,123.33999633789062
2024-11-07,2698.39990234375,31.764999389648438,72.36000061035156,1.073306918144226,0.006480040960013866,104.51000213623047,4.341000080108643,122.95500183105469
2024-11-08,2687.5,31.358999252319336,70.37999725341797,1.0795172452926636,0.00652826763689518,105.0,4.306000232696533,123.5999984741211
2024-11-11,2611.199951171875,30.540000915527344,68.04000091552734,1.0714898109436035,0.006540051195770502,105.54000091552734,4.308000087738037,124.03500366210938
2024-11-12,2600.0,30.68600082397461,68.12000274658203,1.066439151763916,0.006515507120639086,106.0199966430664,4.432000160217285,123.96499633789062
2024-11-13,2580.800048828125,30.59000015258789,68.43000030517578,1.061672568321228,0.0064660049974918365,106.4800033569336,4.451000213623047,123.75499725341797
2024-11-14,2568.199951171875,30.507999420166016,68.69999694824219,1.0564124584197998,0.006433805916458368,106.66999816894531,4.418000221252441,124.06999969482422
2024-11-15,2565.699951171875,30.371000289916992,67.0199966430664,1.0530084371566772,0.006391082890331745,106.69000244140625,4.427999973297119,124.01499938964844
2024-11-18,2610.60009765625,31.163000106811523,69.16000366210938,1.0533745288848877,0.006465628743171692,106.27999877929688,4.414000034332275,123.79499816894531
2024-11-19,2627.10009765625,31.20800018310547,69.38999938964844,1.059490442276001,0.0064675938338041306,106.20999908447266,4.379000186920166,124.06500244140625
2024-11-20,2648.199951171875,30.95599937438965,68.87000274658203,1.0607603788375854,0.006463372148573399,106.68000030517578,4.406000137329102,124.07499694824219
2024-11-21,2672.10009765625,30.91200065612793,70.0999984741211,1.0546187162399292,0.006439357530325651,106.97000122070312,4.432000160217285,124.2699966430664
2024-11-22,2709.89990234375,31.30900001525879,71.23999786376953,1.0469341278076172,0.006484327372163534,107.48999786376953,4.409999847412109,124.83499908447266
2024-11-25,2616.800048828125,30.209999084472656,68.94000244140625,1.0479873418807983,0.006487356498837471,106.81999969482422,4.264999866485596,125.32499694824219
2024-11-26,2620.300048828125,30.38800048828125,68.7699966430664,1.0444300174713135,0.0064776064828038216,107.01000213623047,4.302000045776367,125.31500244140625
2024-11-27,2639.89990234375,30.111000061035156,68.72000122070312,1.0491198301315308,0.00653556315228343,106.08000183105469,4.242000102996826,125.70999908447266
2024-11-28,2639.89990234375,30.111000061035156,68.72000122070312,1.0562450885772705,0.00660781329497695,106.08000183105469,4.242000102996826,126.01000213623047
2024-11-29,2657.0,30.684999465942383,68.0,1.0563008785247803,0.006614894140511751,105.73999786376953,4.177999973297119,126.33499908447266
2024-12-02,2634.89990234375,30.448999404907227,68.0999984741211,1.0545074939727783,0.006671203300356865,106.44999694824219,4.196000099182129,126.83999633789062
2024-12-03,2644.699951171875,31.07699966430664,69.94000244140625,1.0501223802566528,0.0066886055283248425,106.37000274658203,4.2230000495910645,126.69499969482422
2024-12-04,2653.800048828125,31.5049991607666,68.54000091552734,1.0510826110839844,0.006682392209768295,106.33999633789062,4.179999828338623,126.69499969482422
2024-12-05,2626.60009765625,31.134000778198242,68.30000305175781,1.051414132118225,0.006641561631113291,105.70999908447266,4.179999828338623,126.22000122070312
2024-12-06,2638.60009765625,31.18600082397461,67.19999694824219,1.058559536933899,0.006657479330897331,105.97000122070312,4.151000022888184,126.19000244140625
2024-12-09,2664.89990234375,32.215999603271484,68.37000274658203,1.0565463304519653,0.006665333639830351,106.1500015258789,4.198999881744385,126.09500122070312
2024-12-10,2697.60009765625,32.362998962402344,68.58999633789062,1.0555204153060913,0.00660467054694891,106.4000015258789,4.2210001945495605,126.13999938964844
2024-12-11,2733.800048828125,32.5620002746582,70.29000091552734,1.0532968044281006,0.0065873111598193645,106.70999908447266,4.270999908447266,125.99500274658203
2024-12-12,2687.5,31.22800064086914,70.0199966430664,1.0506850481033325,0.006568360608071089,106.95999908447266,4.323999881744385,124.15499877929688
2024-12-13,2656.0,30.655000686645508,71.29000091552734,1.0474056005477905,0.00655363779515028,107.0,4.39900016784668,123.70500183105469
2024-12-16,2651.39990234375,30.69700050354004,70.70999908447266,1.051005244255066,0.00651665311306715,106.86000061035156,4.396999835968018,123.73500061035156
2024-12-17,2644.39990234375,30.572999954223633,70.08000183105469,1.0517348051071167,0.006489882245659828,106.95999908447266,4.385000228881836,123.8550033569336
2024-12-18,2636.5,30.40999984741211,70.58000183105469,1.0495051145553589,0.006511603482067585,108.02999877929688,4.49399995803833,123.76000213623047
2024-12-19,2592.199951171875,29.0939998626709,69.91000366210938,1.0350252389907837,0.006465252488851547,108.41000366210938,4.570000171661377,123.31999969482422
2024-12-20,2628.699951171875,29.65999984741211,69.45999908447266,1.0364949703216553,0.00634340662509203,107.62000274658203,4.52400016784668,123.45999908447266
2024-12-23,2612.300048828125,29.88800048828125,69.23999786376953,1.0433076620101929,0.006388429086655378,108.04000091552734,4.598999977111816,123.25
2024-12-24,2620.0,29.974000930786133,70.0999984741211,1.0405826568603516,0.006362739950418472,108.26000213623047,4.591000080108643,123.25
2024-12-25,2620.0,29.974000930786133,70.0999984741211,1.0402579307556152,0.0063650887459516525,108.26000213623047,4.591000080108643,123.25
2024-12-26,2638.800048828125,30.047000885009766,69.62000274658203,1.0399551391601562,0.00636403588578105,108.12999725341797,4.578999996185303,123.25
2024-12-27,2617.199951171875,29.655000686645508,70.5999984741211,1.0423181056976318,0.006339224521070719,108.0,4.61899995803833,122.68499755859375
2024-12-30,2606.10009765625,29.106000900268555,70.98999786376953,1.0429377555847168,0.006334205158054829,108.12999725341797,4.545000076293945,122.80500030517578
2024-12-31,2629.199951171875,28.940000534057617,71.72000122070312,1.040615200996399,0.006369629874825478,108.48999786376953,4.572999954223633,122.80500030517578
